gene,subtype,pos,aa,num_seq,total_seq,pcnt_seq,apobec_signature
capsid,group_M,1,S,8,19435,0.041%,no
capsid,group_M,1,T,1,19435,0.0051%,no
capsid,group_M,1,L,6,19435,0.031%,no
capsid,group_M,1,I,2,19435,0.010%,no
capsid,group_M,1,Y,2,19435,0.010%,no
capsid,group_M,1,H,1,19435,0.0051%,no
capsid,group_M,1,M,3,19435,0.015%,no
capsid,group_M,1,A,3,19435,0.015%,no
capsid,group_M,1,R,2,19435,0.010%,no
capsid,group_M,2,T,1,19464,0.0051%,no
capsid,group_M,2,M,7,19464,0.036%,no
capsid,group_M,2,Y,8,19464,0.041%,no
capsid,group_M,2,P,3,19464,0.015%,no
capsid,group_M,2,K,7,19464,0.036%,no
capsid,group_M,2,F,2,19464,0.010%,no
capsid,group_M,2,H,1,19464,0.0051%,no
capsid,group_M,2,-,3,19464,0.015%,no
capsid,group_M,2,*,1,19464,0.0051%,no
capsid,group_M,2,R,1,19464,0.0051%,no
capsid,group_M,2,S,2,19464,0.010%,no
capsid,group_M,3,S,7,19484,0.036%,no
capsid,group_M,3,C,2,19484,0.010%,no
capsid,group_M,3,E,6,19484,0.031%,no
capsid,group_M,3,R,2,19484,0.010%,no
capsid,group_M,3,A,4,19484,0.021%,no
capsid,group_M,3,W,2,19484,0.010%,no
capsid,group_M,3,K,2,19484,0.010%,no
capsid,group_M,3,P,2,19484,0.010%,no
capsid,group_M,3,-,1,19484,0.0051%,no
capsid,group_M,3,Q,1,19484,0.0051%,no
capsid,group_M,4,L,2,19722,0.010%,no
capsid,group_M,4,T,10,19722,0.051%,no
capsid,group_M,4,S,1,19722,0.0051%,no
capsid,group_M,4,P,19,19722,0.096%,no
capsid,group_M,4,A,12,19722,0.061%,no
capsid,group_M,4,E,6,19722,0.030%,no
capsid,group_M,4,V,1,19722,0.0051%,no
capsid,group_M,4,*,1,19722,0.0051%,no
capsid,group_M,4,G,2,19722,0.010%,no
capsid,group_M,4,K,2,19722,0.010%,no
capsid,group_M,4,M,3,19722,0.015%,no
capsid,group_M,4,N,4,19722,0.020%,no
capsid,group_M,4,Y,1,19722,0.0051%,no
capsid,group_M,4,-,1,19722,0.0051%,no
capsid,group_M,5,K,15,19790,0.076%,no
capsid,group_M,5,D,18,19790,0.091%,no
capsid,group_M,5,I,6,19790,0.030%,no
capsid,group_M,5,E,4,19790,0.020%,no
capsid,group_M,5,Y,4,19790,0.020%,no
capsid,group_M,5,M,3,19790,0.015%,no
capsid,group_M,5,T,12,19790,0.061%,no
capsid,group_M,5,R,3,19790,0.015%,no
capsid,group_M,5,G,15,19790,0.076%,no
capsid,group_M,5,A,1,19790,0.0051%,no
capsid,group_M,5,P,1,19790,0.0051%,no
capsid,group_M,5,H,9,19790,0.045%,no
capsid,group_M,5,F,1,19790,0.0051%,no
capsid,group_M,5,W,1,19790,0.0051%,no
capsid,group_M,5,Q,1,19790,0.0051%,no
capsid,group_M,6,G,14,19692,0.071%,no
capsid,group_M,6,Q,14,19692,0.071%,no
capsid,group_M,6,C,9,19692,0.046%,no
capsid,group_M,6,Y,1,19692,0.0051%,no
capsid,group_M,6,E,1,19692,0.0051%,no
capsid,group_M,6,D,2,19692,0.010%,no
capsid,group_M,6,R,1,19692,0.0051%,no
capsid,group_M,6,K,1,19692,0.0051%,no
capsid,group_M,6,-,1,19692,0.0051%,no
capsid,group_M,7,P,16,19881,0.080%,no
capsid,group_M,7,H,6,19881,0.030%,no
capsid,group_M,7,K,5,19881,0.025%,no
capsid,group_M,7,R,12,19881,0.060%,no
capsid,group_M,7,E,4,19881,0.020%,no
capsid,group_M,7,T,4,19881,0.020%,no
capsid,group_M,7,A,4,19881,0.020%,no
capsid,group_M,7,V,1,19881,0.0050%,no
capsid,group_M,7,M,1,19881,0.0050%,no
capsid,group_M,7,L,9,19881,0.045%,no
capsid,group_M,7,G,5,19881,0.025%,no
capsid,group_M,7,S,3,19881,0.015%,no
capsid,group_M,7,*,1,19881,0.0050%,no
capsid,group_M,7,W,1,19881,0.0050%,no
capsid,group_M,7,-,1,19881,0.0050%,no
capsid,group_M,8,A,4,19946,0.020%,no
capsid,group_M,8,M,1,19946,0.0050%,no
capsid,group_M,8,L,1,19946,0.0050%,no
capsid,group_M,8,W,2,19946,0.010%,no
capsid,group_M,8,S,5,19946,0.025%,no
capsid,group_M,8,V,1,19946,0.0050%,no
capsid,group_M,8,K,1,19946,0.0050%,no
capsid,group_M,8,E,1,19946,0.0050%,no
capsid,group_M,9,R,17,19979,0.085%,no
capsid,group_M,9,N,4,19979,0.020%,no
capsid,group_M,9,T,4,19979,0.020%,no
capsid,group_M,9,P,9,19979,0.045%,no
capsid,group_M,9,K,9,19979,0.045%,no
capsid,group_M,9,G,15,19979,0.075%,no
capsid,group_M,9,-,2,19979,0.010%,no
capsid,group_M,9,E,7,19979,0.035%,no
capsid,group_M,9,D,1,19979,0.0050%,no
capsid,group_M,9,L,7,19979,0.035%,no
capsid,group_M,9,V,3,19979,0.015%,no
capsid,group_M,9,I,5,19979,0.025%,no
capsid,group_M,9,C,1,19979,0.0050%,no
capsid,group_M,9,*,1,19979,0.0050%,no
capsid,group_M,10,V,9,19974,0.045%,no
capsid,group_M,10,T,10,19974,0.050%,no
capsid,group_M,10,Q,9,19974,0.045%,no
capsid,group_M,10,N,14,19974,0.070%,no
capsid,group_M,10,G,1,19974,0.0050%,no
capsid,group_M,10,R,3,19974,0.015%,no
capsid,group_M,10,K,9,19974,0.045%,no
capsid,group_M,10,E,2,19974,0.010%,no
capsid,group_M,10,S,10,19974,0.050%,no
capsid,group_M,10,Y,14,19974,0.070%,no
capsid,group_M,10,-,1,19974,0.0050%,no
capsid,group_M,11,G,19,19929,0.095%,no
capsid,group_M,11,D,2,19929,0.010%,no
capsid,group_M,11,H,4,19929,0.020%,no
capsid,group_M,11,Y,3,19929,0.015%,no
capsid,group_M,11,S,15,19929,0.075%,no
capsid,group_M,11,L,12,19929,0.060%,no
capsid,group_M,11,E,8,19929,0.040%,no
capsid,group_M,11,Q,5,19929,0.025%,no
capsid,group_M,11,F,1,19929,0.0050%,no
capsid,group_M,11,R,1,19929,0.0050%,no
capsid,group_M,11,W,3,19929,0.015%,no
capsid,group_M,11,P,1,19929,0.0050%,no
capsid,group_M,12,S,8,20089,0.040%,no
capsid,group_M,12,P,20,20089,0.10%,no
capsid,group_M,12,I,9,20089,0.045%,no
capsid,group_M,12,T,1,20089,0.0050%,no
capsid,group_M,12,N,10,20089,0.050%,no
capsid,group_M,12,R,5,20089,0.025%,no
capsid,group_M,12,-,1,20089,0.0050%,no
capsid,group_M,12,Q,7,20089,0.035%,no
capsid,group_M,12,F,14,20089,0.070%,no
capsid,group_M,12,M,1,20089,0.0050%,no
capsid,group_M,12,V,1,20089,0.0050%,no
capsid,group_M,13,V,6,20128,0.030%,no
capsid,group_M,13,R,10,20128,0.050%,no
capsid,group_M,13,L,8,20128,0.040%,no
capsid,group_M,13,H,16,20128,0.079%,no
capsid,group_M,13,T,15,20128,0.075%,no
capsid,group_M,13,G,2,20128,0.0099%,no
capsid,group_M,13,A,3,20128,0.015%,no
capsid,group_M,13,M,3,20128,0.015%,no
capsid,group_M,13,I,1,20128,0.0050%,no
capsid,group_M,14,Q,1,20097,0.0050%,no
capsid,group_M,14,C,16,20097,0.080%,no
capsid,group_M,14,R,1,20097,0.0050%,no
capsid,group_M,14,I,3,20097,0.015%,no
capsid,group_M,14,L,6,20097,0.030%,no
capsid,group_M,14,D,1,20097,0.0050%,no
capsid,group_M,14,M,1,20097,0.0050%,no
capsid,group_M,15,P,18,20103,0.090%,no
capsid,group_M,15,T,4,20103,0.020%,no
capsid,group_M,15,H,2,20103,0.0099%,no
capsid,group_M,15,K,2,20103,0.0099%,no
capsid,group_M,15,Y,2,20103,0.0099%,no
capsid,group_M,15,A,2,20103,0.0099%,no
capsid,group_M,15,-,1,20103,0.0050%,no
capsid,group_M,15,C,3,20103,0.015%,no
capsid,group_M,15,S,1,20103,0.0050%,no
capsid,group_M,15,W,1,20103,0.0050%,no
capsid,group_M,15,G,1,20103,0.0050%,no
capsid,group_M,16,C,1,20328,0.0049%,no
capsid,group_M,16,Y,3,20328,0.015%,no
capsid,group_M,16,L,4,20328,0.020%,no
capsid,group_M,16,Q,2,20328,0.0098%,no
capsid,group_M,16,F,2,20328,0.0098%,no
capsid,group_M,16,M,2,20328,0.0098%,no
capsid,group_M,16,G,2,20328,0.0098%,no
capsid,group_M,16,-,1,20328,0.0049%,no
capsid,group_M,16,H,1,20328,0.0049%,no
capsid,group_M,16,P,2,20328,0.0098%,no
capsid,group_M,16,K,1,20328,0.0049%,no
capsid,group_M,17,L,10,20360,0.049%,no
capsid,group_M,17,Y,1,20360,0.0049%,no
capsid,group_M,17,S,4,20360,0.020%,no
capsid,group_M,17,N,1,20360,0.0049%,no
capsid,group_M,17,T,1,20360,0.0049%,no
capsid,group_M,17,M,1,20360,0.0049%,no
capsid,group_M,18,G,11,20409,0.054%,no
capsid,group_M,18,S,7,20409,0.034%,no
capsid,group_M,18,L,2,20409,0.0098%,no
capsid,group_M,18,A,12,20409,0.059%,no
capsid,group_M,18,D,1,20409,0.0049%,no
capsid,group_M,18,Q,2,20409,0.0098%,no
capsid,group_M,18,E,2,20409,0.0098%,no
capsid,group_M,18,*,2,20409,0.0098%,no
capsid,group_M,18,M,1,20409,0.0049%,no
capsid,group_M,18,I,3,20409,0.015%,no
capsid,group_M,19,A,5,20586,0.024%,no
capsid,group_M,19,G,1,20586,0.0049%,no
capsid,group_M,19,I,14,20586,0.068%,no
capsid,group_M,19,F,4,20586,0.019%,no
capsid,group_M,19,S,6,20586,0.029%,no
capsid,group_M,19,N,8,20586,0.039%,no
capsid,group_M,19,K,2,20586,0.0097%,no
capsid,group_M,19,H,1,20586,0.0049%,no
capsid,group_M,19,V,1,20586,0.0049%,no
capsid,group_M,20,H,1,21035,0.0048%,no
capsid,group_M,20,S,2,21035,0.0095%,no
capsid,group_M,20,V,1,21035,0.0048%,no
capsid,group_M,20,M,2,21035,0.0095%,no
capsid,group_M,20,F,11,21035,0.052%,no
capsid,group_M,20,T,1,21035,0.0048%,no
capsid,group_M,20,-,1,21035,0.0048%,no
capsid,group_M,20,K,1,21035,0.0048%,no
capsid,group_M,20,E,1,21035,0.0048%,no
capsid,group_M,20,I,1,21035,0.0048%,no
capsid,group_M,20,R,1,21035,0.0048%,no
capsid,group_M,20,W,1,21035,0.0048%,no
capsid,group_M,21,K,8,21061,0.038%,no
capsid,group_M,21,E,3,21061,0.014%,no
capsid,group_M,21,*,1,21061,0.0047%,no
capsid,group_M,21,S,10,21061,0.047%,no
capsid,group_M,21,D,10,21061,0.047%,no
capsid,group_M,21,I,6,21061,0.028%,no
capsid,group_M,21,L,3,21061,0.014%,no
capsid,group_M,21,G,3,21061,0.014%,no
capsid,group_M,21,C,2,21061,0.0095%,no
capsid,group_M,21,T,1,21061,0.0047%,no
capsid,group_M,21,Y,2,21061,0.0095%,no
capsid,group_M,21,A,1,21061,0.0047%,no
capsid,group_M,21,H,2,21061,0.0095%,no
capsid,group_M,22,V,4,21092,0.019%,no
capsid,group_M,22,D,2,21092,0.0095%,no
capsid,group_M,22,G,7,21092,0.033%,no
capsid,group_M,22,M,2,21092,0.0095%,no
capsid,group_M,22,N,1,21092,0.0047%,no
capsid,group_M,22,C,2,21092,0.0095%,no
capsid,group_M,22,W,1,21092,0.0047%,no
capsid,group_M,22,Q,1,21092,0.0047%,no
capsid,group_M,22,E,1,21092,0.0047%,no
capsid,group_M,22,I,1,21092,0.0047%,no
capsid,group_M,22,T,1,21092,0.0047%,no
capsid,group_M,23,G,13,21082,0.062%,no
capsid,group_M,23,M,3,21082,0.014%,no
capsid,group_M,23,Q,1,21082,0.0047%,no
capsid,group_M,23,A,1,21082,0.0047%,no
capsid,group_M,23,E,1,21082,0.0047%,no
capsid,group_M,23,C,2,21082,0.0095%,no
capsid,group_M,23,R,2,21082,0.0095%,no
capsid,group_M,23,L,3,21082,0.014%,no
capsid,group_M,23,Y,1,21082,0.0047%,no
capsid,group_M,24,L,4,21096,0.019%,no
capsid,group_M,24,A,12,21096,0.057%,no
capsid,group_M,24,G,10,21096,0.047%,no
capsid,group_M,24,E,7,21096,0.033%,no
capsid,group_M,24,I,10,21096,0.047%,no
capsid,group_M,24,C,1,21096,0.0047%,no
capsid,group_M,24,W,4,21096,0.019%,no
capsid,group_M,24,M,3,21096,0.014%,no
capsid,group_M,24,K,2,21096,0.0095%,no
capsid,group_M,24,S,1,21096,0.0047%,no
capsid,group_M,25,R,6,21106,0.028%,no
capsid,group_M,25,E,6,21106,0.028%,no
capsid,group_M,25,Q,2,21106,0.0095%,no
capsid,group_M,25,V,2,21106,0.0095%,no
capsid,group_M,25,F,1,21106,0.0047%,no
capsid,group_M,25,L,2,21106,0.0095%,no
capsid,group_M,25,I,7,21106,0.033%,no
capsid,group_M,25,W,1,21106,0.0047%,no
capsid,group_M,25,N,2,21106,0.0095%,no
capsid,group_M,26,P,2,21106,0.0095%,no
capsid,group_M,26,I,9,21106,0.043%,no
capsid,group_M,26,E,5,21106,0.024%,no
capsid,group_M,26,K,2,21106,0.0095%,no
capsid,group_M,26,G,5,21106,0.024%,no
capsid,group_M,26,S,5,21106,0.024%,no
capsid,group_M,26,M,5,21106,0.024%,no
capsid,group_M,26,L,5,21106,0.024%,no
capsid,group_M,26,F,1,21106,0.0047%,no
capsid,group_M,26,T,2,21106,0.0095%,no
capsid,group_M,26,Y,1,21106,0.0047%,no
capsid,group_M,27,M,7,21007,0.033%,no
capsid,group_M,27,E,8,21007,0.038%,no
capsid,group_M,27,L,7,21007,0.033%,no
capsid,group_M,27,F,2,21007,0.0095%,no
capsid,group_M,27,S,1,21007,0.0048%,no
capsid,group_M,27,N,1,21007,0.0048%,no
capsid,group_M,27,K,2,21007,0.0095%,no
capsid,group_M,27,W,2,21007,0.0095%,no
capsid,group_M,27,G,3,21007,0.014%,no
capsid,group_M,28,G,13,21117,0.062%,no
capsid,group_M,28,Q,4,21117,0.019%,no
capsid,group_M,28,D,2,21117,0.0095%,no
capsid,group_M,28,R,3,21117,0.014%,no
capsid,group_M,28,A,2,21117,0.0095%,no
capsid,group_M,28,V,1,21117,0.0047%,no
capsid,group_M,28,W,1,21117,0.0047%,no
capsid,group_M,28,-,1,21117,0.0047%,no
capsid,group_M,28,L,1,21117,0.0047%,no
capsid,group_M,28,I,1,21117,0.0047%,no
capsid,group_M,29,G,7,21121,0.033%,no
capsid,group_M,29,V,1,21121,0.0047%,no
capsid,group_M,29,A,6,21121,0.028%,no
capsid,group_M,29,R,9,21121,0.043%,no
capsid,group_M,29,S,2,21121,0.0095%,no
capsid,group_M,29,Q,3,21121,0.014%,no
capsid,group_M,29,M,2,21121,0.0095%,no
capsid,group_M,29,N,1,21121,0.0047%,no
capsid,group_M,30,M,3,21124,0.014%,no
capsid,group_M,30,A,2,21124,0.0095%,no
capsid,group_M,30,T,2,21124,0.0095%,no
capsid,group_M,30,Q,5,21124,0.024%,no
capsid,group_M,30,E,12,21124,0.057%,no
capsid,group_M,30,S,3,21124,0.014%,no
capsid,group_M,30,-,1,21124,0.0047%,no
capsid,group_M,30,L,1,21124,0.0047%,no
capsid,group_M,30,P,1,21124,0.0047%,no
capsid,group_M,30,W,1,21124,0.0047%,no
capsid,group_M,30,N,3,21124,0.014%,no
capsid,group_M,30,D,1,21124,0.0047%,no
capsid,group_M,30,I,1,21124,0.0047%,no
capsid,group_M,31,Q,11,21122,0.052%,no
capsid,group_M,31,C,2,21122,0.0095%,no
capsid,group_M,31,V,11,21122,0.052%,no
capsid,group_M,31,D,7,21122,0.033%,no
capsid,group_M,31,R,1,21122,0.0047%,no
capsid,group_M,31,T,2,21122,0.0095%,no
capsid,group_M,31,K,2,21122,0.0095%,no
capsid,group_M,31,E,2,21122,0.0095%,no
capsid,group_M,31,L,1,21122,0.0047%,no
capsid,group_M,32,V,3,21147,0.014%,no
capsid,group_M,32,L,9,21147,0.043%,no
capsid,group_M,32,Y,3,21147,0.014%,no
capsid,group_M,32,R,2,21147,0.0095%,no
capsid,group_M,32,A,1,21147,0.0047%,no
capsid,group_M,32,G,1,21147,0.0047%,no
capsid,group_M,32,P,1,21147,0.0047%,no
capsid,group_M,32,C,1,21147,0.0047%,no
capsid,group_M,32,S,2,21147,0.0095%,no
capsid,group_M,32,I,1,21147,0.0047%,no
capsid,group_M,33,G,5,21109,0.024%,no
capsid,group_M,33,C,4,21109,0.019%,no
capsid,group_M,33,Q,5,21109,0.024%,no
capsid,group_M,33,R,4,21109,0.019%,no
capsid,group_M,33,I,10,21109,0.047%,no
capsid,group_M,33,E,2,21109,0.0095%,no
capsid,group_M,33,F,4,21109,0.019%,no
capsid,group_M,33,H,2,21109,0.0095%,no
capsid,group_M,33,T,11,21109,0.052%,no
capsid,group_M,33,P,1,21109,0.0047%,no
capsid,group_M,33,L,1,21109,0.0047%,no
capsid,group_M,34,Q,3,21149,0.014%,no
capsid,group_M,34,R,2,21149,0.0095%,no
capsid,group_M,34,S,5,21149,0.024%,no
capsid,group_M,34,-,1,21149,0.0047%,no
capsid,group_M,34,A,1,21149,0.0047%,no
capsid,group_M,34,T,1,21149,0.0047%,no
capsid,group_M,34,L,1,21149,0.0047%,no
capsid,group_M,34,F,1,21149,0.0047%,no
capsid,group_M,35,Q,13,21120,0.062%,no
capsid,group_M,35,G,16,21120,0.076%,no
capsid,group_M,35,*,3,21120,0.014%,no
capsid,group_M,35,R,3,21120,0.014%,no
capsid,group_M,35,Y,1,21120,0.0047%,no
capsid,group_M,35,D,2,21120,0.0095%,no
capsid,group_M,36,S,1,21109,0.0047%,no
capsid,group_M,36,E,2,21109,0.0095%,no
capsid,group_M,36,L,10,21109,0.047%,no
capsid,group_M,36,T,16,21109,0.076%,no
capsid,group_M,36,M,1,21109,0.0047%,no
capsid,group_M,36,G,2,21109,0.0095%,no
capsid,group_M,36,P,1,21109,0.0047%,no
capsid,group_M,36,A,1,21109,0.0047%,no
capsid,group_M,37,L,6,21149,0.028%,no
capsid,group_M,37,N,1,21149,0.0047%,no
capsid,group_M,37,G,1,21149,0.0047%,no
capsid,group_M,37,R,2,21149,0.0095%,no
capsid,group_M,37,M,1,21149,0.0047%,no
capsid,group_M,37,Y,1,21149,0.0047%,no
capsid,group_M,37,K,1,21149,0.0047%,no
capsid,group_M,38,L,5,21152,0.024%,no
capsid,group_M,38,S,5,21152,0.024%,no
capsid,group_M,38,R,8,21152,0.038%,no
capsid,group_M,38,A,1,21152,0.0047%,no
capsid,group_M,38,C,1,21152,0.0047%,no
capsid,group_M,38,H,2,21152,0.0095%,no
capsid,group_M,38,V,1,21152,0.0047%,no
capsid,group_M,38,I,1,21152,0.0047%,no
capsid,group_M,38,Y,1,21152,0.0047%,no
capsid,group_M,39,I,2,21153,0.0095%,no
capsid,group_M,39,L,10,21153,0.047%,no
capsid,group_M,39,V,9,21153,0.043%,no
capsid,group_M,39,T,5,21153,0.024%,no
capsid,group_M,39,R,2,21153,0.0095%,no
capsid,group_M,39,P,2,21153,0.0095%,no
capsid,group_M,39,-,1,21153,0.0047%,no
capsid,group_M,39,S,1,21153,0.0047%,no
capsid,group_M,39,W,2,21153,0.0095%,no
capsid,group_M,40,L,6,21146,0.028%,no
capsid,group_M,40,V,10,21146,0.047%,no
capsid,group_M,40,A,1,21146,0.0047%,no
capsid,group_M,40,C,3,21146,0.014%,no
capsid,group_M,40,S,2,21146,0.0095%,no
capsid,group_M,40,Y,2,21146,0.0095%,no
capsid,group_M,40,H,1,21146,0.0047%,no
capsid,group_M,41,Q,1,21070,0.0047%,no
capsid,group_M,41,L,18,21070,0.085%,no
capsid,group_M,41,P,5,21070,0.024%,no
capsid,group_M,41,Y,1,21070,0.0047%,no
capsid,group_M,41,*,1,21070,0.0047%,no
capsid,group_M,42,H,1,21161,0.0047%,no
capsid,group_M,42,V,2,21161,0.0095%,no
capsid,group_M,42,G,12,21161,0.057%,no
capsid,group_M,42,S,3,21161,0.014%,no
capsid,group_M,42,P,3,21161,0.014%,no
capsid,group_M,42,E,2,21161,0.0095%,no
capsid,group_M,42,T,2,21161,0.0095%,no
capsid,group_M,43,S,4,21152,0.019%,no
capsid,group_M,43,I,4,21152,0.019%,no
capsid,group_M,43,V,14,21152,0.066%,no
capsid,group_M,43,F,6,21152,0.028%,no
capsid,group_M,43,W,1,21152,0.0047%,no
capsid,group_M,43,C,1,21152,0.0047%,no
capsid,group_M,43,*,1,21152,0.0047%,no
capsid,group_M,44,P,1,21140,0.0047%,no
capsid,group_M,44,T,3,21140,0.014%,no
capsid,group_M,44,M,1,21140,0.0047%,no
capsid,group_M,44,L,3,21140,0.014%,no
capsid,group_M,44,*,1,21140,0.0047%,no
capsid,group_M,45,Q,12,21131,0.057%,no
capsid,group_M,45,G,7,21131,0.033%,no
capsid,group_M,45,*,3,21131,0.014%,no
capsid,group_M,45,A,6,21131,0.028%,no
capsid,group_M,45,N,1,21131,0.0047%,no
capsid,group_M,45,Y,1,21131,0.0047%,no
capsid,group_M,45,V,1,21131,0.0047%,no
capsid,group_M,46,A,1,21151,0.0047%,no
capsid,group_M,47,T,18,21147,0.085%,no
capsid,group_M,47,V,3,21147,0.014%,no
capsid,group_M,47,D,1,21147,0.0047%,no
capsid,group_M,47,N,1,21147,0.0047%,no
capsid,group_M,48,M,2,21131,0.0095%,no
capsid,group_M,48,V,15,21131,0.071%,no
capsid,group_M,48,L,17,21131,0.080%,no
capsid,group_M,48,S,7,21131,0.033%,no
capsid,group_M,48,N,3,21131,0.014%,no
capsid,group_M,48,G,1,21131,0.0047%,no
capsid,group_M,49,L,2,21155,0.0095%,no
capsid,group_M,49,R,4,21155,0.019%,no
capsid,group_M,49,Q,3,21155,0.014%,no
capsid,group_M,49,A,1,21155,0.0047%,no
capsid,group_M,50,R,17,21082,0.081%,no
capsid,group_M,50,K,3,21082,0.014%,no
capsid,group_M,50,C,3,21082,0.014%,no
capsid,group_M,50,P,13,21082,0.062%,no
capsid,group_M,50,V,16,21082,0.076%,no
capsid,group_M,50,E,17,21082,0.081%,no
capsid,group_M,50,N,7,21082,0.033%,no
capsid,group_M,50,M,2,21082,0.0095%,no
capsid,group_M,50,L,3,21082,0.014%,no
capsid,group_M,50,F,5,21082,0.024%,no
capsid,group_M,50,*,2,21082,0.0095%,no
capsid,group_M,50,W,2,21082,0.0095%,no
capsid,group_M,50,D,2,21082,0.0095%,no
capsid,group_M,51,I,1,21148,0.0047%,no
capsid,group_M,51,R,1,21148,0.0047%,no
capsid,group_M,51,Y,4,21148,0.019%,no
capsid,group_M,51,K,2,21148,0.0095%,no
capsid,group_M,51,H,1,21148,0.0047%,no
capsid,group_M,51,E,3,21148,0.014%,no
capsid,group_M,51,T,1,21148,0.0047%,no
capsid,group_M,52,S,5,21143,0.024%,no
capsid,group_M,52,Y,5,21143,0.024%,no
capsid,group_M,52,F,14,21143,0.066%,no
capsid,group_M,52,V,6,21143,0.028%,no
capsid,group_M,52,*,1,21143,0.0047%,no
capsid,group_M,53,H,3,21154,0.014%,no
capsid,group_M,53,T,8,21154,0.038%,no
capsid,group_M,53,K,7,21154,0.033%,no
capsid,group_M,53,D,5,21154,0.024%,no
capsid,group_M,53,I,2,21154,0.0095%,no
capsid,group_M,53,S,2,21154,0.0095%,no
capsid,group_M,53,M,1,21154,0.0047%,no
capsid,group_M,53,*,1,21154,0.0047%,no
capsid,group_M,54,P,9,21120,0.043%,no
capsid,group_M,54,K,2,21120,0.0095%,no
capsid,group_M,54,D,3,21120,0.014%,no
capsid,group_M,54,N,4,21120,0.019%,no
capsid,group_M,54,G,12,21120,0.057%,no
capsid,group_M,54,H,1,21120,0.0047%,no
capsid,group_M,55,T,6,21145,0.028%,no
capsid,group_M,55,F,2,21145,0.0095%,no
capsid,group_M,55,L,5,21145,0.024%,no
capsid,group_M,55,I,3,21145,0.014%,no
capsid,group_M,55,C,2,21145,0.0095%,no
capsid,group_M,55,V,4,21145,0.019%,no
capsid,group_M,55,-,1,21145,0.0047%,no
capsid,group_M,55,H,1,21145,0.0047%,no
capsid,group_M,55,K,2,21145,0.0095%,no
capsid,group_M,56,V,7,21144,0.033%,no
capsid,group_M,56,P,4,21144,0.019%,no
capsid,group_M,56,*,2,21144,0.0095%,no
capsid,group_M,56,Y,1,21144,0.0047%,no
capsid,group_M,56,E,1,21144,0.0047%,no
capsid,group_M,56,R,1,21144,0.0047%,no
capsid,group_M,56,K,1,21144,0.0047%,no
capsid,group_M,57,T,5,21153,0.024%,no
capsid,group_M,57,K,6,21153,0.028%,no
capsid,group_M,57,H,5,21153,0.024%,no
capsid,group_M,57,S,9,21153,0.043%,no
capsid,group_M,57,I,1,21153,0.0047%,no
capsid,group_M,57,P,1,21153,0.0047%,no
capsid,group_M,57,D,4,21153,0.019%,no
capsid,group_M,57,F,1,21153,0.0047%,no
capsid,group_M,57,Y,1,21153,0.0047%,no
capsid,group_M,58,M,5,21147,0.024%,no
capsid,group_M,58,-,1,21147,0.0047%,no
capsid,group_M,58,K,1,21147,0.0047%,no
capsid,group_M,58,Q,2,21147,0.0095%,no
capsid,group_M,58,P,1,21147,0.0047%,no
capsid,group_M,58,Y,1,21147,0.0047%,no
capsid,group_M,59,E,4,21132,0.019%,no
capsid,group_M,59,L,4,21132,0.019%,no
capsid,group_M,59,G,5,21132,0.024%,no
capsid,group_M,59,M,7,21132,0.033%,no
capsid,group_M,59,A,3,21132,0.014%,no
capsid,group_M,59,W,2,21132,0.0095%,no
capsid,group_M,59,R,1,21132,0.0047%,no
capsid,group_M,59,*,1,21132,0.0047%,no
capsid,group_M,60,Q,1,21153,0.0047%,no
capsid,group_M,61,T,1,21159,0.0047%,no
capsid,group_M,61,L,1,21159,0.0047%,no
capsid,group_M,61,A,2,21159,0.0095%,no
capsid,group_M,61,S,1,21159,0.0047%,no
capsid,group_M,62,R,9,21148,0.043%,no
capsid,group_M,62,L,2,21148,0.0095%,no
capsid,group_M,62,Y,3,21148,0.014%,no
capsid,group_M,62,Q,2,21148,0.0095%,no
capsid,group_M,62,P,1,21148,0.0047%,no
capsid,group_M,63,P,7,21153,0.033%,no
capsid,group_M,63,H,4,21153,0.019%,no
capsid,group_M,63,L,2,21153,0.0095%,no
capsid,group_M,63,R,2,21153,0.0095%,no
capsid,group_M,63,S,1,21153,0.0047%,no
capsid,group_M,64,V,1,21159,0.0047%,no
capsid,group_M,64,T,1,21159,0.0047%,no
capsid,group_M,65,G,4,21153,0.019%,no
capsid,group_M,65,P,5,21153,0.024%,no
capsid,group_M,65,S,4,21153,0.019%,no
capsid,group_M,65,D,1,21153,0.0047%,no
capsid,group_M,65,T,1,21153,0.0047%,no
capsid,group_M,65,R,1,21153,0.0047%,no
capsid,group_M,65,L,1,21153,0.0047%,no
capsid,group_M,66,V,6,21155,0.028%,no
capsid,group_M,66,L,12,21155,0.057%,no
capsid,group_M,66,Y,2,21155,0.0095%,no
capsid,group_M,66,K,1,21155,0.0047%,no
capsid,group_M,66,A,1,21155,0.0047%,no
capsid,group_M,67,K,3,21146,0.014%,no
capsid,group_M,67,A,2,21146,0.0095%,no
capsid,group_M,67,E,5,21146,0.024%,no
capsid,group_M,67,P,3,21146,0.014%,no
capsid,group_M,67,R,6,21146,0.028%,no
capsid,group_M,67,L,5,21146,0.024%,no
capsid,group_M,67,*,1,21146,0.0047%,no
capsid,group_M,67,T,1,21146,0.0047%,no
capsid,group_M,68,C,1,21140,0.0047%,no
capsid,group_M,68,N,1,21140,0.0047%,no
capsid,group_M,68,R,2,21140,0.0095%,no
capsid,group_M,68,T,1,21140,0.0047%,no
capsid,group_M,68,G,1,21140,0.0047%,no
capsid,group_M,68,-,1,21140,0.0047%,no
capsid,group_M,68,K,1,21140,0.0047%,no
capsid,group_M,68,S,1,21140,0.0047%,no
capsid,group_M,69,F,3,21155,0.014%,no
capsid,group_M,69,V,3,21155,0.014%,no
capsid,group_M,69,I,7,21155,0.033%,no
capsid,group_M,69,N,1,21155,0.0047%,no
capsid,group_M,69,S,1,21155,0.0047%,no
capsid,group_M,69,*,1,21155,0.0047%,no
capsid,group_M,69,Q,1,21155,0.0047%,no
capsid,group_M,69,-,1,21155,0.0047%,no
capsid,group_M,69,T,1,21155,0.0047%,no
capsid,group_M,70,E,5,21155,0.024%,no
capsid,group_M,70,R,8,21155,0.038%,no
capsid,group_M,70,I,1,21155,0.0047%,no
capsid,group_M,70,T,2,21155,0.0095%,no
capsid,group_M,70,Q,1,21155,0.0047%,no
capsid,group_M,71,G,7,21121,0.033%,no
capsid,group_M,71,K,2,21121,0.0095%,no
capsid,group_M,71,A,1,21121,0.0047%,no
capsid,group_M,71,V,8,21121,0.038%,no
capsid,group_M,71,-,1,21121,0.0047%,no
capsid,group_M,72,P,16,21165,0.076%,no
capsid,group_M,72,S,7,21165,0.033%,no
capsid,group_M,72,I,4,21165,0.019%,no
capsid,group_M,72,C,1,21165,0.0047%,no
capsid,group_M,72,L,1,21165,0.0047%,no
capsid,group_M,73,H,1,21167,0.0047%,no
capsid,group_M,73,T,3,21167,0.014%,no
capsid,group_M,73,M,1,21167,0.0047%,no
capsid,group_M,73,L,7,21167,0.033%,no
capsid,group_M,73,V,1,21167,0.0047%,no
capsid,group_M,73,K,1,21167,0.0047%,no
capsid,group_M,73,Q,1,21167,0.0047%,no
capsid,group_M,73,F,4,21167,0.019%,no
capsid,group_M,73,A,1,21167,0.0047%,no
capsid,group_M,74,Y,3,21169,0.014%,no
capsid,group_M,74,T,5,21169,0.024%,no
capsid,group_M,74,H,1,21169,0.0047%,no
capsid,group_M,74,K,2,21169,0.0094%,no
capsid,group_M,74,M,1,21169,0.0047%,no
capsid,group_M,74,C,1,21169,0.0047%,no
capsid,group_M,75,G,8,21123,0.038%,no
capsid,group_M,75,I,2,21123,0.0095%,no
capsid,group_M,75,L,1,21123,0.0047%,no
capsid,group_M,75,A,1,21123,0.0047%,no
capsid,group_M,75,*,1,21123,0.0047%,no
capsid,group_M,76,G,13,21160,0.061%,no
capsid,group_M,76,A,1,21160,0.0047%,no
capsid,group_M,76,R,2,21160,0.0095%,no
capsid,group_M,76,Q,1,21160,0.0047%,no
capsid,group_M,76,D,1,21160,0.0047%,no
capsid,group_M,76,I,1,21160,0.0047%,no
capsid,group_M,76,F,1,21160,0.0047%,no
capsid,group_M,76,V,1,21160,0.0047%,no
capsid,group_M,76,S,1,21160,0.0047%,no
capsid,group_M,77,V,10,21161,0.047%,no
capsid,group_M,77,M,7,21161,0.033%,no
capsid,group_M,77,G,5,21161,0.024%,no
capsid,group_M,77,S,2,21161,0.0095%,no
capsid,group_M,77,I,11,21161,0.052%,no
capsid,group_M,77,T,2,21161,0.0095%,no
capsid,group_M,77,P,2,21161,0.0095%,no
capsid,group_M,77,N,1,21161,0.0047%,no
capsid,group_M,77,L,1,21161,0.0047%,no
capsid,group_M,77,E,1,21161,0.0047%,no
capsid,group_M,77,D,1,21161,0.0047%,no
capsid,group_M,78,M,1,21133,0.0047%,no
capsid,group_M,78,I,8,21133,0.038%,no
capsid,group_M,78,T,7,21133,0.033%,no
capsid,group_M,78,E,1,21133,0.0047%,no
capsid,group_M,78,L,7,21133,0.033%,no
capsid,group_M,78,Q,1,21133,0.0047%,no
capsid,group_M,78,H,2,21133,0.0095%,no
capsid,group_M,78,P,1,21133,0.0047%,no
capsid,group_M,79,G,10,21127,0.047%,no
capsid,group_M,79,*,3,21127,0.014%,no
capsid,group_M,79,-,1,21127,0.0047%,no
capsid,group_M,79,Q,2,21127,0.0095%,no
capsid,group_M,79,I,1,21127,0.0047%,no
capsid,group_M,80,G,3,21148,0.014%,no
capsid,group_M,80,C,3,21148,0.014%,no
capsid,group_M,80,R,1,21148,0.0047%,no
capsid,group_M,80,A,1,21148,0.0047%,no
capsid,group_M,80,L,1,21148,0.0047%,no
capsid,group_M,80,K,1,21148,0.0047%,no
capsid,group_M,81,E,2,21156,0.0095%,no
capsid,group_M,81,I,1,21156,0.0047%,no
capsid,group_M,81,T,1,21156,0.0047%,no
capsid,group_M,81,H,2,21156,0.0095%,no
capsid,group_M,81,G,1,21156,0.0047%,no
capsid,group_M,81,R,1,21156,0.0047%,no
capsid,group_M,82,M,2,21153,0.0095%,no
capsid,group_M,82,T,1,21153,0.0047%,no
capsid,group_M,82,L,1,21153,0.0047%,no
capsid,group_M,83,F,1,20859,0.0048%,no
capsid,group_M,83,R,2,20859,0.0096%,no
capsid,group_M,83,G,12,20859,0.058%,no
capsid,group_M,83,S,9,20859,0.043%,no
capsid,group_M,83,C,1,20859,0.0048%,no
capsid,group_M,83,W,2,20859,0.0096%,no
capsid,group_M,84,N,10,21155,0.047%,no
capsid,group_M,84,Q,2,21155,0.0095%,no
capsid,group_M,84,P,1,21155,0.0047%,no
capsid,group_M,84,R,5,21155,0.024%,no
capsid,group_M,84,T,1,21155,0.0047%,no
capsid,group_M,84,C,1,21155,0.0047%,no
capsid,group_M,85,L,1,21161,0.0047%,no
capsid,group_M,85,S,2,21161,0.0095%,no
capsid,group_M,85,Q,1,21161,0.0047%,no
capsid,group_M,85,*,1,21161,0.0047%,no
capsid,group_M,85,V,1,21161,0.0047%,no
capsid,group_M,86,R,14,21019,0.067%,no
capsid,group_M,86,G,1,21019,0.0048%,no
capsid,group_M,86,H,2,21019,0.0095%,no
capsid,group_M,86,S,2,21019,0.0095%,no
capsid,group_M,86,E,1,21019,0.0048%,no
capsid,group_M,87,R,14,20906,0.067%,no
capsid,group_M,87,A,9,20906,0.043%,no
capsid,group_M,87,Y,1,20906,0.0048%,no
capsid,group_M,87,T,5,20906,0.024%,no
capsid,group_M,87,I,1,20906,0.0048%,no
capsid,group_M,87,G,1,20906,0.0048%,no
capsid,group_M,87,L,1,20906,0.0048%,no
capsid,group_M,88,G,3,21153,0.014%,no
capsid,group_M,88,M,5,21153,0.024%,no
capsid,group_M,88,Q,4,21153,0.019%,no
capsid,group_M,88,I,1,21153,0.0047%,no
capsid,group_M,88,R,1,21153,0.0047%,no
capsid,group_M,88,S,1,21153,0.0047%,no
capsid,group_M,89,W,2,21164,0.0095%,no
capsid,group_M,89,*,1,21164,0.0047%,no
capsid,group_M,89,I,1,21164,0.0047%,no
capsid,group_M,90,L,3,21148,0.014%,no
capsid,group_M,90,H,3,21148,0.014%,no
capsid,group_M,90,S,2,21148,0.0095%,no
capsid,group_M,90,R,1,21148,0.0047%,no
capsid,group_M,90,E,1,21148,0.0047%,no
capsid,group_M,90,A,1,21148,0.0047%,no
capsid,group_M,91,D,2,20780,0.0096%,no
capsid,group_M,91,S,2,20780,0.0096%,no
capsid,group_M,92,L,3,21136,0.014%,no
capsid,group_M,92,S,3,21136,0.014%,no
capsid,group_M,92,K,1,21136,0.0047%,no
capsid,group_M,93,L,6,21152,0.028%,no
capsid,group_M,93,V,14,21152,0.066%,no
capsid,group_M,93,S,8,21152,0.038%,no
capsid,group_M,93,Q,19,21152,0.090%,no
capsid,group_M,93,N,1,21152,0.0047%,no
capsid,group_M,93,D,1,21152,0.0047%,no
capsid,group_M,93,I,1,21152,0.0047%,no
capsid,group_M,93,H,1,21152,0.0047%,no
capsid,group_M,93,T,1,21152,0.0047%,no
capsid,group_M,94,V,2,21158,0.0095%,no
capsid,group_M,94,D,4,21158,0.019%,no
capsid,group_M,94,S,3,21158,0.014%,no
capsid,group_M,94,R,6,21158,0.028%,no
capsid,group_M,94,A,3,21158,0.014%,no
capsid,group_M,94,P,1,21158,0.0047%,no
capsid,group_M,94,T,1,21158,0.0047%,no
capsid,group_M,94,C,1,21158,0.0047%,no
capsid,group_M,95,A,3,21160,0.014%,no
capsid,group_M,95,L,4,21160,0.019%,no
capsid,group_M,95,T,2,21160,0.0095%,no
capsid,group_M,95,R,3,21160,0.014%,no
capsid,group_M,95,K,2,21160,0.0095%,no
capsid,group_M,95,S,1,21160,0.0047%,no
capsid,group_M,95,V,1,21160,0.0047%,no
capsid,group_M,95,P,1,21160,0.0047%,no
capsid,group_M,96,P,5,20954,0.024%,no
capsid,group_M,96,T,8,20954,0.038%,no
capsid,group_M,96,A,9,20954,0.043%,no
capsid,group_M,96,K,1,20954,0.0048%,no
capsid,group_M,96,Q,5,20954,0.024%,no
capsid,group_M,96,E,1,20954,0.0048%,no
capsid,group_M,96,N,2,20954,0.0095%,no
capsid,group_M,96,F,1,20954,0.0048%,no
capsid,group_M,96,R,3,20954,0.014%,no
capsid,group_M,96,S,1,20954,0.0048%,no
capsid,group_M,97,G,4,21159,0.019%,no
capsid,group_M,97,I,2,21159,0.0095%,no
capsid,group_M,97,C,1,21159,0.0047%,no
capsid,group_M,97,A,1,21159,0.0047%,no
capsid,group_M,97,E,1,21159,0.0047%,no
capsid,group_M,97,*,1,21159,0.0047%,no
capsid,group_M,98,G,8,21077,0.038%,no
capsid,group_M,98,T,1,21077,0.0047%,no
capsid,group_M,98,Q,3,21077,0.014%,no
capsid,group_M,98,A,2,21077,0.0095%,no
capsid,group_M,98,L,1,21077,0.0047%,no
capsid,group_M,98,N,2,21077,0.0095%,no
capsid,group_M,98,R,1,21077,0.0047%,no
capsid,group_M,98,S,1,21077,0.0047%,no
capsid,group_M,99,S,3,21165,0.014%,no
capsid,group_M,99,T,1,21165,0.0047%,no
capsid,group_M,99,A,2,21165,0.0094%,no
capsid,group_M,99,L,1,21165,0.0047%,no
capsid,group_M,99,R,1,21165,0.0047%,no
capsid,group_M,99,D,1,21165,0.0047%,no
capsid,group_M,99,G,1,21165,0.0047%,no
capsid,group_M,100,N,2,21155,0.0095%,no
capsid,group_M,100,G,3,21155,0.014%,no
capsid,group_M,100,M,3,21155,0.014%,no
capsid,group_M,100,L,1,21155,0.0047%,no
capsid,group_M,100,Q,1,21155,0.0047%,no
capsid,group_M,101,A,1,21166,0.0047%,no
capsid,group_M,101,*,1,21166,0.0047%,no
capsid,group_M,102,T,11,21161,0.052%,no
capsid,group_M,102,C,4,21161,0.019%,no
capsid,group_M,102,R,10,21161,0.047%,no
capsid,group_M,102,Q,1,21161,0.0047%,no
capsid,group_M,102,H,2,21161,0.0095%,no
capsid,group_M,102,N,1,21161,0.0047%,no
capsid,group_M,103,G,1,21168,0.0047%,no
capsid,group_M,103,I,1,21168,0.0047%,no
capsid,group_M,103,S,1,21168,0.0047%,no
capsid,group_M,103,A,1,21168,0.0047%,no
capsid,group_M,103,E,2,21168,0.0094%,no
capsid,group_M,104,M,4,21169,0.019%,no
capsid,group_M,104,T,3,21169,0.014%,no
capsid,group_M,104,L,3,21169,0.014%,no
capsid,group_M,105,S,4,21167,0.019%,no
capsid,group_M,105,P,2,21167,0.0094%,no
capsid,group_M,105,I,2,21167,0.0094%,no
capsid,group_M,105,T,9,21167,0.043%,no
capsid,group_M,105,R,1,21167,0.0047%,no
capsid,group_M,105,V,6,21167,0.028%,no
capsid,group_M,105,D,2,21167,0.0094%,no
capsid,group_M,106,W,1,21170,0.0047%,no
capsid,group_M,106,N,1,21170,0.0047%,no
capsid,group_M,106,-,1,21170,0.0047%,no
capsid,group_M,106,A,1,21170,0.0047%,no
capsid,group_M,107,I,13,21132,0.062%,no
capsid,group_M,107,P,1,21132,0.0047%,no
capsid,group_M,107,E,1,21132,0.0047%,no
capsid,group_M,108,N,1,21157,0.0047%,no
capsid,group_M,108,A,1,21157,0.0047%,no
capsid,group_M,108,S,21,21157,0.099%,no
capsid,group_M,108,I,6,21157,0.028%,no
capsid,group_M,109,G,5,21171,0.024%,no
capsid,group_M,109,T,3,21171,0.014%,no
capsid,group_M,109,P,1,21171,0.0047%,no
capsid,group_M,109,R,2,21171,0.0094%,no
capsid,group_M,109,N,2,21171,0.0094%,no
capsid,group_M,109,I,2,21171,0.0094%,no
capsid,group_M,109,Y,1,21171,0.0047%,no
capsid,group_M,110,P,3,21094,0.014%,no
capsid,group_M,110,I,4,21094,0.019%,no
capsid,group_M,110,A,3,21094,0.014%,no
capsid,group_M,110,L,1,21094,0.0047%,no
capsid,group_M,110,Y,1,21094,0.0047%,no
capsid,group_M,111,F,9,21129,0.043%,no
capsid,group_M,111,M,16,21129,0.076%,no
capsid,group_M,111,Q,1,21129,0.0047%,no
capsid,group_M,111,H,5,21129,0.024%,no
capsid,group_M,111,R,1,21129,0.0047%,no
capsid,group_M,111,G,1,21129,0.0047%,no
capsid,group_M,112,G,2,21160,0.0095%,no
capsid,group_M,112,E,11,21160,0.052%,no
capsid,group_M,112,D,2,21160,0.0095%,no
capsid,group_M,112,S,10,21160,0.047%,no
capsid,group_M,112,H,15,21160,0.071%,no
capsid,group_M,112,N,12,21160,0.057%,no
capsid,group_M,112,T,5,21160,0.024%,no
capsid,group_M,112,R,7,21160,0.033%,no
capsid,group_M,112,L,2,21160,0.0095%,no
capsid,group_M,112,M,1,21160,0.0047%,no
capsid,group_M,112,P,13,21160,0.061%,no
capsid,group_M,112,-,1,21160,0.0047%,no
capsid,group_M,112,K,2,21160,0.0095%,no
capsid,group_M,112,*,1,21160,0.0047%,no
capsid,group_M,112,Y,1,21160,0.0047%,no
capsid,group_M,112,V,1,21160,0.0047%,no
capsid,group_M,113,G,2,21159,0.0095%,no
capsid,group_M,113,V,1,21159,0.0047%,no
capsid,group_M,113,Q,1,21159,0.0047%,no
capsid,group_M,113,R,1,21159,0.0047%,no
capsid,group_M,113,N,1,21159,0.0047%,no
capsid,group_M,114,R,5,21177,0.024%,no
capsid,group_M,114,T,1,21177,0.0047%,no
capsid,group_M,114,H,3,21177,0.014%,no
capsid,group_M,114,L,1,21177,0.0047%,no
capsid,group_M,114,K,2,21177,0.0094%,no
capsid,group_M,114,N,1,21177,0.0047%,no
capsid,group_M,114,P,1,21177,0.0047%,no
capsid,group_M,114,*,1,21177,0.0047%,no
capsid,group_M,115,Q,1,21104,0.0047%,no
capsid,group_M,115,K,1,21104,0.0047%,no
capsid,group_M,115,R,1,21104,0.0047%,no
capsid,group_M,115,T,3,21104,0.014%,no
capsid,group_M,115,A,1,21104,0.0047%,no
capsid,group_M,115,N,1,21104,0.0047%,no
capsid,group_M,116,S,15,20985,0.071%,no
capsid,group_M,116,H,6,20985,0.029%,no
capsid,group_M,116,I,16,20985,0.076%,no
capsid,group_M,116,V,20,20985,0.095%,no
capsid,group_M,116,Y,1,20985,0.0048%,no
capsid,group_M,116,-,1,20985,0.0048%,no
capsid,group_M,116,L,4,20985,0.019%,no
capsid,group_M,116,*,1,20985,0.0048%,no
capsid,group_M,116,P,5,20985,0.024%,no
capsid,group_M,117,G,6,21162,0.028%,no
capsid,group_M,117,R,5,21162,0.024%,no
capsid,group_M,117,L,1,21162,0.0047%,no
capsid,group_M,117,C,6,21162,0.028%,no
capsid,group_M,118,V,4,21151,0.019%,no
capsid,group_M,118,K,2,21151,0.0095%,no
capsid,group_M,118,A,1,21151,0.0047%,no
capsid,group_M,118,S,1,21151,0.0047%,no
capsid,group_M,119,A,13,21172,0.061%,no
capsid,group_M,119,S,2,21172,0.0094%,no
capsid,group_M,119,V,1,21172,0.0047%,no
capsid,group_M,119,P,1,21172,0.0047%,no
capsid,group_M,120,Q,11,20773,0.053%,no
capsid,group_M,120,K,5,20773,0.024%,no
capsid,group_M,120,D,3,20773,0.014%,no
capsid,group_M,120,C,1,20773,0.0048%,no
capsid,group_M,120,M,1,20773,0.0048%,no
capsid,group_M,120,I,1,20773,0.0048%,no
capsid,group_M,121,Q,5,21147,0.024%,no
capsid,group_M,121,Y,2,21147,0.0095%,no
capsid,group_M,121,I,2,21147,0.0095%,no
capsid,group_M,121,A,9,21147,0.043%,no
capsid,group_M,121,S,2,21147,0.0095%,no
capsid,group_M,121,H,6,21147,0.028%,no
capsid,group_M,122,L,2,21170,0.0094%,no
capsid,group_M,122,N,4,21170,0.019%,no
capsid,group_M,122,*,1,21170,0.0047%,no
capsid,group_M,122,T,3,21170,0.014%,no
capsid,group_M,122,S,4,21170,0.019%,no
capsid,group_M,123,L,5,21079,0.024%,no
capsid,group_M,123,T,8,21079,0.038%,no
capsid,group_M,123,R,3,21079,0.014%,no
capsid,group_M,123,C,1,21079,0.0047%,no
capsid,group_M,124,A,4,21088,0.019%,no
capsid,group_M,124,Y,2,21088,0.0095%,no
capsid,group_M,124,R,1,21088,0.0047%,no
capsid,group_M,124,L,3,21088,0.014%,no
capsid,group_M,124,F,7,21088,0.033%,no
capsid,group_M,124,S,3,21088,0.014%,no
capsid,group_M,124,N,2,21088,0.0095%,no
capsid,group_M,124,D,2,21088,0.0095%,no
capsid,group_M,125,A,11,21165,0.052%,no
capsid,group_M,125,R,3,21165,0.014%,no
capsid,group_M,125,S,3,21165,0.014%,no
capsid,group_M,125,T,1,21165,0.0047%,no
capsid,group_M,125,L,2,21165,0.0094%,no
capsid,group_M,125,-,1,21165,0.0047%,no
capsid,group_M,126,A,3,21161,0.014%,no
capsid,group_M,126,G,6,21161,0.028%,no
capsid,group_M,126,P,1,21161,0.0047%,no
capsid,group_M,126,L,3,21161,0.014%,no
capsid,group_M,126,I,12,21161,0.057%,no
capsid,group_M,126,H,1,21161,0.0047%,no
capsid,group_M,126,E,1,21161,0.0047%,no
capsid,group_M,127,*,1,21167,0.0047%,no
capsid,group_M,127,W,1,21167,0.0047%,no
capsid,group_M,128,G,8,21079,0.038%,no
capsid,group_M,128,R,3,21079,0.014%,no
capsid,group_M,128,Q,8,21079,0.038%,no
capsid,group_M,128,V,1,21079,0.0047%,no
capsid,group_M,128,A,3,21079,0.014%,no
capsid,group_M,129,V,18,21155,0.085%,no
capsid,group_M,129,E,1,21155,0.0047%,no
capsid,group_M,129,N,1,21155,0.0047%,no
capsid,group_M,129,S,2,21155,0.0095%,no
capsid,group_M,129,F,2,21155,0.0095%,no
capsid,group_M,129,T,1,21155,0.0047%,no
capsid,group_M,129,M,11,21155,0.052%,no
capsid,group_M,129,G,1,21155,0.0047%,no
capsid,group_M,130,C,3,21166,0.014%,no
capsid,group_M,130,V,1,21166,0.0047%,no
capsid,group_M,130,F,10,21166,0.047%,no
capsid,group_M,130,*,1,21166,0.0047%,no
capsid,group_M,130,I,1,21166,0.0047%,no
capsid,group_M,131,E,5,21155,0.024%,no
capsid,group_M,131,N,12,21155,0.057%,no
capsid,group_M,131,I,3,21155,0.014%,no
capsid,group_M,131,T,4,21155,0.019%,no
capsid,group_M,131,Q,1,21155,0.0047%,no
capsid,group_M,131,P,1,21155,0.0047%,no
capsid,group_M,131,S,2,21155,0.0095%,no
capsid,group_M,131,Y,2,21155,0.0095%,no
capsid,group_M,131,H,1,21155,0.0047%,no
capsid,group_M,131,-,1,21155,0.0047%,no
capsid,group_M,131,*,1,21155,0.0047%,no
capsid,group_M,132,P,2,21160,0.0095%,no
capsid,group_M,132,Q,15,21160,0.071%,no
capsid,group_M,132,S,7,21160,0.033%,no
capsid,group_M,132,T,11,21160,0.052%,no
capsid,group_M,132,N,1,21160,0.0047%,no
capsid,group_M,132,E,1,21160,0.0047%,no
capsid,group_M,132,M,1,21160,0.0047%,no
capsid,group_M,133,Y,1,21168,0.0047%,no
capsid,group_M,133,R,3,21168,0.014%,no
capsid,group_M,133,G,2,21168,0.0094%,no
capsid,group_M,133,C,2,21168,0.0094%,no
capsid,group_M,133,M,2,21168,0.0094%,no
capsid,group_M,133,S,1,21168,0.0047%,no
capsid,group_M,134,L,14,21174,0.066%,no
capsid,group_M,134,G,1,21174,0.0047%,no
capsid,group_M,134,T,1,21174,0.0047%,no
capsid,group_M,134,M,1,21174,0.0047%,no
capsid,group_M,134,K,1,21174,0.0047%,no
capsid,group_M,134,R,1,21174,0.0047%,no
capsid,group_M,134,E,1,21174,0.0047%,no
capsid,group_M,135,T,7,21144,0.033%,no
capsid,group_M,135,L,3,21144,0.014%,no
capsid,group_M,135,F,3,21144,0.014%,no
capsid,group_M,135,S,2,21144,0.0095%,no
capsid,group_M,135,G,1,21144,0.0047%,no
capsid,group_M,135,M,2,21144,0.0095%,no
capsid,group_M,135,H,1,21144,0.0047%,no
capsid,group_M,136,N,1,21112,0.0047%,no
capsid,group_M,136,P,5,21112,0.024%,no
capsid,group_M,136,R,2,21112,0.0095%,no
capsid,group_M,136,V,4,21112,0.019%,no
capsid,group_M,136,G,1,21112,0.0047%,no
capsid,group_M,136,W,1,21112,0.0047%,no
capsid,group_M,137,L,1,21171,0.0047%,no
capsid,group_M,138,F,18,21166,0.085%,no
capsid,group_M,138,Y,1,21166,0.0047%,no
capsid,group_M,138,S,2,21166,0.0094%,no
capsid,group_M,138,-,1,21166,0.0047%,no
capsid,group_M,138,I,4,21166,0.019%,no
capsid,group_M,138,K,1,21166,0.0047%,no
capsid,group_M,138,N,1,21166,0.0047%,no
capsid,group_M,138,W,1,21166,0.0047%,no
capsid,group_M,139,D,7,21164,0.033%,no
capsid,group_M,139,T,13,21164,0.061%,no
capsid,group_M,139,Q,5,21164,0.024%,no
capsid,group_M,139,S,2,21164,0.0095%,no
capsid,group_M,139,Y,2,21164,0.0095%,no
capsid,group_M,139,K,4,21164,0.019%,no
capsid,group_M,139,I,2,21164,0.0095%,no
capsid,group_M,139,V,1,21164,0.0047%,no
capsid,group_M,140,N,2,21174,0.0094%,no
capsid,group_M,140,I,4,21174,0.019%,no
capsid,group_M,140,R,15,21174,0.071%,no
capsid,group_M,140,E,2,21174,0.0094%,no
capsid,group_M,140,Q,1,21174,0.0047%,no
capsid,group_M,141,L,12,21169,0.057%,no
capsid,group_M,141,E,1,21169,0.0047%,no
capsid,group_M,141,T,3,21169,0.014%,no
capsid,group_M,141,M,2,21169,0.0094%,no
capsid,group_M,141,K,1,21169,0.0047%,no
capsid,group_M,142,A,3,21172,0.014%,no
capsid,group_M,142,I,10,21172,0.047%,no
capsid,group_M,142,Y,1,21172,0.0047%,no
capsid,group_M,142,L,2,21172,0.0094%,no
capsid,group_M,142,*,1,21172,0.0047%,no
capsid,group_M,142,E,1,21172,0.0047%,no
capsid,group_M,143,G,7,21164,0.033%,no
capsid,group_M,143,M,1,21164,0.0047%,no
capsid,group_M,143,E,1,21164,0.0047%,no
capsid,group_M,143,S,3,21164,0.014%,no
capsid,group_M,144,I,7,21172,0.033%,no
capsid,group_M,144,*,1,21172,0.0047%,no
capsid,group_M,144,R,2,21172,0.0094%,no
capsid,group_M,144,L,10,21172,0.047%,no
capsid,group_M,144,K,3,21172,0.014%,no
capsid,group_M,144,V,4,21172,0.019%,no
capsid,group_M,144,T,3,21172,0.014%,no
capsid,group_M,145,F,4,21169,0.019%,no
capsid,group_M,145,P,1,21169,0.0047%,no
capsid,group_M,145,D,5,21169,0.024%,no
capsid,group_M,145,*,1,21169,0.0047%,no
capsid,group_M,145,N,1,21169,0.0047%,no
capsid,group_M,145,L,1,21169,0.0047%,no
capsid,group_M,146,T,1,21164,0.0047%,no
capsid,group_M,146,K,19,21164,0.090%,no
capsid,group_M,146,A,2,21164,0.0095%,no
capsid,group_M,146,G,3,21164,0.014%,no
capsid,group_M,146,Q,10,21164,0.047%,no
capsid,group_M,146,M,1,21164,0.0047%,no
capsid,group_M,146,I,1,21164,0.0047%,no
capsid,group_M,147,S,3,21177,0.014%,no
capsid,group_M,147,L,6,21177,0.028%,no
capsid,group_M,147,H,1,21177,0.0047%,no
capsid,group_M,147,R,1,21177,0.0047%,no
capsid,group_M,147,A,4,21177,0.019%,no
capsid,group_M,148,L,4,21006,0.019%,no
capsid,group_M,148,Q,2,21006,0.0095%,no
capsid,group_M,148,C,1,21006,0.0048%,no
capsid,group_M,148,F,1,21006,0.0048%,no
capsid,group_M,148,G,1,21006,0.0048%,no
capsid,group_M,148,N,1,21006,0.0048%,no
capsid,group_M,149,I,2,21141,0.0095%,no
capsid,group_M,149,R,2,21141,0.0095%,no
capsid,group_M,149,T,3,21141,0.014%,no
capsid,group_M,149,A,1,21141,0.0047%,no
capsid,group_M,149,D,1,21141,0.0047%,no
capsid,group_M,150,V,5,21174,0.024%,no
capsid,group_M,150,F,3,21174,0.014%,no
capsid,group_M,150,L,3,21174,0.014%,no
capsid,group_M,150,T,5,21174,0.024%,no
capsid,group_M,150,H,1,21174,0.0047%,no
capsid,group_M,150,N,1,21174,0.0047%,no
capsid,group_M,151,Y,1,21171,0.0047%,no
capsid,group_M,151,F,4,21171,0.019%,no
capsid,group_M,151,W,2,21171,0.0094%,no
capsid,group_M,151,K,1,21171,0.0047%,no
capsid,group_M,151,S,1,21171,0.0047%,no
capsid,group_M,151,P,1,21171,0.0047%,no
capsid,group_M,151,V,3,21171,0.014%,no
capsid,group_M,151,T,1,21171,0.0047%,no
capsid,group_M,151,M,2,21171,0.0094%,no
capsid,group_M,152,I,1,21163,0.0047%,no
capsid,group_M,152,K,1,21163,0.0047%,no
capsid,group_M,152,Y,2,21163,0.0095%,no
capsid,group_M,152,V,1,21163,0.0047%,no
capsid,group_M,152,G,3,21163,0.014%,no
capsid,group_M,152,H,1,21163,0.0047%,no
capsid,group_M,152,A,2,21163,0.0095%,no
capsid,group_M,153,M,2,21157,0.0095%,no
capsid,group_M,153,T,8,21157,0.038%,no
capsid,group_M,153,H,1,21157,0.0047%,no
capsid,group_M,153,R,2,21157,0.0095%,no
capsid,group_M,153,L,2,21157,0.0095%,no
capsid,group_M,153,*,2,21157,0.0095%,no
capsid,group_M,154,E,4,20981,0.019%,no
capsid,group_M,154,I,4,20981,0.019%,no
capsid,group_M,154,T,4,20981,0.019%,no
capsid,group_M,154,A,1,20981,0.0048%,no
capsid,group_M,154,S,4,20981,0.019%,no
capsid,group_M,154,D,1,20981,0.0048%,no
capsid,group_M,154,N,6,20981,0.029%,no
capsid,group_M,154,Q,1,20981,0.0048%,no
capsid,group_M,154,G,1,20981,0.0048%,no
capsid,group_M,154,W,1,20981,0.0048%,no
capsid,group_M,155,R,4,21174,0.019%,no
capsid,group_M,155,T,1,21174,0.0047%,no
capsid,group_M,155,P,2,21174,0.0094%,no
capsid,group_M,155,H,1,21174,0.0047%,no
capsid,group_M,155,K,2,21174,0.0094%,no
capsid,group_M,155,L,1,21174,0.0047%,no
capsid,group_M,156,T,1,21175,0.0047%,no
capsid,group_M,156,E,4,21175,0.019%,no
capsid,group_M,156,A,3,21175,0.014%,no
capsid,group_M,157,T,5,21176,0.024%,no
capsid,group_M,157,Q,2,21176,0.0094%,no
capsid,group_M,157,A,2,21176,0.0094%,no
capsid,group_M,157,R,2,21176,0.0094%,no
capsid,group_M,157,L,1,21176,0.0047%,no
capsid,group_M,158,R,4,21171,0.019%,no
capsid,group_M,158,T,2,21171,0.0094%,no
capsid,group_M,158,*,1,21171,0.0047%,no
capsid,group_M,158,E,2,21171,0.0094%,no
capsid,group_M,158,Y,1,21171,0.0047%,no
capsid,group_M,158,Q,1,21171,0.0047%,no
capsid,group_M,159,G,11,21166,0.052%,no
capsid,group_M,159,N,2,21166,0.0094%,no
capsid,group_M,159,S,2,21166,0.0094%,no
capsid,group_M,159,Q,1,21166,0.0047%,no
capsid,group_M,159,D,3,21166,0.014%,no
capsid,group_M,159,-,1,21166,0.0047%,no
capsid,group_M,159,*,1,21166,0.0047%,no
capsid,group_M,160,L,3,21126,0.014%,no
capsid,group_M,160,A,7,21126,0.033%,no
capsid,group_M,160,H,1,21126,0.0047%,no
capsid,group_M,161,S,6,21164,0.028%,no
capsid,group_M,161,L,11,21164,0.052%,no
capsid,group_M,161,I,2,21164,0.0095%,no
capsid,group_M,161,C,2,21164,0.0095%,no
capsid,group_M,161,V,4,21164,0.019%,no
capsid,group_M,161,A,1,21164,0.0047%,no
capsid,group_M,161,R,1,21164,0.0047%,no
capsid,group_M,161,Y,3,21164,0.014%,no
capsid,group_M,162,E,2,21161,0.0095%,no
capsid,group_M,162,G,2,21161,0.0095%,no
capsid,group_M,162,T,1,21161,0.0047%,no
capsid,group_M,162,I,2,21161,0.0095%,no
capsid,group_M,163,T,2,21150,0.0095%,no
capsid,group_M,163,V,2,21150,0.0095%,no
capsid,group_M,163,G,1,21150,0.0047%,no
capsid,group_M,163,A,1,21150,0.0047%,no
capsid,group_M,164,C,3,21172,0.014%,no
capsid,group_M,164,H,4,21172,0.019%,no
capsid,group_M,164,M,1,21172,0.0047%,no
capsid,group_M,164,D,2,21172,0.0094%,no
capsid,group_M,164,L,1,21172,0.0047%,no
capsid,group_M,164,F,4,21172,0.019%,no
capsid,group_M,165,A,3,21172,0.014%,no
capsid,group_M,165,I,19,21172,0.090%,no
capsid,group_M,165,R,1,21172,0.0047%,no
capsid,group_M,165,M,4,21172,0.019%,no
capsid,group_M,165,L,1,21172,0.0047%,no
capsid,group_M,165,G,6,21172,0.028%,no
capsid,group_M,166,G,7,21154,0.033%,no
capsid,group_M,166,V,3,21154,0.014%,no
capsid,group_M,166,S,1,21154,0.0047%,no
capsid,group_M,166,K,1,21154,0.0047%,no
capsid,group_M,166,A,2,21154,0.0095%,no
capsid,group_M,166,H,2,21154,0.0095%,no
capsid,group_M,166,E,1,21154,0.0047%,no
capsid,group_M,167,K,18,21169,0.085%,no
capsid,group_M,167,P,3,21169,0.014%,no
capsid,group_M,167,V,1,21169,0.0047%,no
capsid,group_M,167,C,1,21169,0.0047%,no
capsid,group_M,167,D,1,21169,0.0047%,no
capsid,group_M,167,W,2,21169,0.0094%,no
capsid,group_M,167,T,1,21169,0.0047%,no
capsid,group_M,167,H,1,21169,0.0047%,no
capsid,group_M,168,I,1,21172,0.0047%,no
capsid,group_M,168,S,3,21172,0.014%,no
capsid,group_M,168,L,6,21172,0.028%,no
capsid,group_M,168,W,4,21172,0.019%,no
capsid,group_M,168,V,5,21172,0.024%,no
capsid,group_M,168,K,1,21172,0.0047%,no
capsid,group_M,169,L,5,21168,0.024%,no
capsid,group_M,169,H,2,21168,0.0094%,no
capsid,group_M,169,K,1,21168,0.0047%,no
capsid,group_M,169,C,1,21168,0.0047%,no
capsid,group_M,169,I,1,21168,0.0047%,no
capsid,group_M,170,N,14,21120,0.066%,no
capsid,group_M,170,L,1,21120,0.0047%,no
capsid,group_M,170,-,1,21120,0.0047%,no
capsid,group_M,170,I,4,21120,0.019%,no
capsid,group_M,170,E,2,21120,0.0095%,no
capsid,group_M,170,Q,1,21120,0.0047%,no
capsid,group_M,170,T,2,21120,0.0095%,no
capsid,group_M,170,*,2,21120,0.0095%,no
capsid,group_M,171,M,1,21093,0.0047%,no
capsid,group_M,171,L,4,21093,0.019%,no
capsid,group_M,171,-,1,21093,0.0047%,no
capsid,group_M,171,Y,1,21093,0.0047%,no
capsid,group_M,171,P,2,21093,0.0095%,no
capsid,group_M,171,S,2,21093,0.0095%,no
capsid,group_M,171,N,2,21093,0.0095%,no
capsid,group_M,172,F,18,21136,0.085%,no
capsid,group_M,172,P,1,21136,0.0047%,no
capsid,group_M,172,I,17,21136,0.080%,no
capsid,group_M,172,V,9,21136,0.043%,no
capsid,group_M,172,S,1,21136,0.0047%,no
capsid,group_M,173,G,4,21155,0.019%,no
capsid,group_M,173,L,2,21155,0.0095%,no
capsid,group_M,173,E,3,21155,0.014%,no
capsid,group_M,173,*,1,21155,0.0047%,no
capsid,group_M,173,T,1,21155,0.0047%,no
capsid,group_M,173,I,1,21155,0.0047%,no
capsid,group_M,173,Q,1,21155,0.0047%,no
capsid,group_M,173,S,1,21155,0.0047%,no
capsid,group_M,174,T,8,21145,0.038%,no
capsid,group_M,174,*,1,21145,0.0047%,no
capsid,group_M,174,P,5,21145,0.024%,no
capsid,group_M,174,E,1,21145,0.0047%,no
capsid,group_M,174,V,4,21145,0.019%,no
capsid,group_M,174,G,1,21145,0.0047%,no
capsid,group_M,174,D,2,21145,0.0095%,no
capsid,group_M,175,G,9,21128,0.043%,no
capsid,group_M,175,*,1,21128,0.0047%,no
capsid,group_M,175,Q,1,21128,0.0047%,no
capsid,group_M,175,D,15,21128,0.071%,no
capsid,group_M,175,N,2,21128,0.0095%,no
capsid,group_M,175,R,3,21128,0.014%,no
capsid,group_M,175,V,1,21128,0.0047%,no
capsid,group_M,175,L,1,21128,0.0047%,no
capsid,group_M,175,A,3,21128,0.014%,no
capsid,group_M,175,H,1,21128,0.0047%,no
capsid,group_M,176,R,1,21127,0.0047%,no
capsid,group_M,176,A,2,21127,0.0095%,no
capsid,group_M,176,S,3,21127,0.014%,no
capsid,group_M,176,K,5,21127,0.024%,no
capsid,group_M,176,T,2,21127,0.0095%,no
capsid,group_M,176,*,2,21127,0.0095%,no
capsid,group_M,176,N,1,21127,0.0047%,no
capsid,group_M,176,P,3,21127,0.014%,no
capsid,group_M,176,L,3,21127,0.014%,no
capsid,group_M,176,E,3,21127,0.014%,no
capsid,group_M,176,H,2,21127,0.0095%,no
capsid,group_M,177,V,7,21083,0.033%,no
capsid,group_M,177,T,12,21083,0.057%,no
capsid,group_M,177,L,2,21083,0.0095%,no
capsid,group_M,177,E,1,21083,0.0047%,no
capsid,group_M,177,P,5,21083,0.024%,no
capsid,group_M,177,D,3,21083,0.014%,no
capsid,group_M,177,N,1,21083,0.0047%,no
capsid,group_M,178,A,17,20600,0.083%,no
capsid,group_M,178,P,12,20600,0.058%,no
capsid,group_M,178,L,2,20600,0.0097%,no
capsid,group_M,178,I,2,20600,0.0097%,no
capsid,group_M,178,H,4,20600,0.019%,no
capsid,group_M,178,R,7,20600,0.034%,no
capsid,group_M,178,Y,1,20600,0.0049%,no
capsid,group_M,178,N,1,20600,0.0049%,no
capsid,group_M,178,Q,1,20600,0.0049%,no
capsid,group_M,178,K,2,20600,0.0097%,no
capsid,group_M,179,R,8,20740,0.039%,no
capsid,group_M,179,*,1,20740,0.0048%,no
capsid,group_M,179,H,11,20740,0.053%,no
capsid,group_M,179,T,8,20740,0.039%,no
capsid,group_M,179,S,11,20740,0.053%,no
capsid,group_M,179,M,3,20740,0.014%,no
capsid,group_M,179,V,4,20740,0.019%,no
capsid,group_M,179,L,18,20740,0.087%,no
capsid,group_M,179,E,2,20740,0.0096%,no
capsid,group_M,179,G,1,20740,0.0048%,no
capsid,group_M,180,G,4,20577,0.019%,no
capsid,group_M,180,A,20,20577,0.097%,no
capsid,group_M,180,P,8,20577,0.039%,no
capsid,group_M,180,N,2,20577,0.0097%,no
capsid,group_M,180,R,1,20577,0.0049%,no
capsid,group_M,180,Q,2,20577,0.0097%,no
capsid,group_M,180,*,1,20577,0.0049%,no
capsid,group_M,181,I,20,20739,0.096%,no
capsid,group_M,181,R,1,20739,0.0048%,no
capsid,group_M,181,*,1,20739,0.0048%,no
capsid,group_M,181,M,1,20739,0.0048%,no
capsid,group_M,181,A,2,20739,0.0096%,no
capsid,group_M,181,L,2,20739,0.0096%,no
capsid,group_M,181,T,2,20739,0.0096%,no
capsid,group_M,181,C,1,20739,0.0048%,no
capsid,group_M,181,D,1,20739,0.0048%,no
capsid,group_M,181,Y,1,20739,0.0048%,no
capsid,group_M,181,G,1,20739,0.0048%,no
capsid,group_M,181,-,1,20739,0.0048%,no
capsid,group_M,181,K,1,20739,0.0048%,no
capsid,group_M,182,R,9,20733,0.043%,no
capsid,group_M,182,E,7,20733,0.034%,no
capsid,group_M,182,Q,4,20733,0.019%,no
capsid,group_M,182,*,1,20733,0.0048%,no
capsid,group_M,182,N,3,20733,0.014%,no
capsid,group_M,182,Y,1,20733,0.0048%,no
capsid,group_M,182,G,3,20733,0.014%,no
capsid,group_M,182,-,1,20733,0.0048%,no
capsid,group_M,182,I,1,20733,0.0048%,no
capsid,group_M,183,D,8,20612,0.039%,no
capsid,group_M,183,V,11,20612,0.053%,no
capsid,group_M,183,R,16,20612,0.078%,no
capsid,group_M,183,C,3,20612,0.015%,no
capsid,group_M,183,*,1,20612,0.0049%,no
capsid,group_M,183,K,8,20612,0.039%,no
capsid,group_M,183,M,1,20612,0.0049%,no
capsid,group_M,183,Y,1,20612,0.0049%,no
capsid,group_M,183,I,5,20612,0.024%,no
capsid,group_M,183,L,2,20612,0.0097%,no
capsid,group_M,184,R,9,20721,0.043%,no
capsid,group_M,184,G,8,20721,0.039%,no
capsid,group_M,184,N,1,20721,0.0048%,no
capsid,group_M,184,E,1,20721,0.0048%,no
capsid,group_M,184,M,1,20721,0.0048%,no
capsid,group_M,184,C,1,20721,0.0048%,no
capsid,group_M,184,S,2,20721,0.0097%,no
capsid,group_M,184,Q,2,20721,0.0097%,no
capsid,group_M,185,V,3,20722,0.014%,no
capsid,group_M,185,*,2,20722,0.0097%,no
capsid,group_M,185,K,4,20722,0.019%,no
capsid,group_M,185,C,1,20722,0.0048%,no
capsid,group_M,185,T,7,20722,0.034%,no
capsid,group_M,185,L,1,20722,0.0048%,no
capsid,group_M,185,N,1,20722,0.0048%,no
capsid,group_M,186,A,10,20723,0.048%,no
capsid,group_M,186,G,2,20723,0.0097%,no
capsid,group_M,186,Y,1,20723,0.0048%,no
capsid,group_M,186,L,1,20723,0.0048%,no
capsid,group_M,186,R,1,20723,0.0048%,no
capsid,group_M,186,D,1,20723,0.0048%,no
capsid,group_M,186,P,2,20723,0.0097%,no
capsid,group_M,186,I,4,20723,0.019%,no
capsid,group_M,186,S,1,20723,0.0048%,no
capsid,group_M,186,Q,1,20723,0.0048%,no
capsid,group_M,187,G,12,20638,0.058%,no
capsid,group_M,187,N,18,20638,0.087%,no
capsid,group_M,187,V,2,20638,0.0097%,no
capsid,group_M,187,P,2,20638,0.0097%,no
capsid,group_M,187,S,1,20638,0.0048%,no
capsid,group_M,187,R,2,20638,0.0097%,no
capsid,group_M,188,I,3,20700,0.014%,no
capsid,group_M,188,A,7,20700,0.034%,no
capsid,group_M,188,N,5,20700,0.024%,no
capsid,group_M,188,*,1,20700,0.0048%,no
capsid,group_M,188,D,1,20700,0.0048%,no
capsid,group_M,188,P,7,20700,0.034%,no
capsid,group_M,188,L,1,20700,0.0048%,no
capsid,group_M,188,V,1,20700,0.0048%,no
capsid,group_M,188,H,1,20700,0.0048%,no
capsid,group_M,189,V,5,20711,0.024%,no
capsid,group_M,189,I,2,20711,0.0097%,no
capsid,group_M,189,F,2,20711,0.0097%,no
capsid,group_M,189,E,1,20711,0.0048%,no
capsid,group_M,189,S,5,20711,0.024%,no
capsid,group_M,189,M,1,20711,0.0048%,no
capsid,group_M,189,D,1,20711,0.0048%,no
capsid,group_M,189,W,1,20711,0.0048%,no
capsid,group_M,190,V,10,20693,0.048%,no
capsid,group_M,190,I,10,20693,0.048%,no
capsid,group_M,190,W,2,20693,0.0097%,no
capsid,group_M,190,A,4,20693,0.019%,no
capsid,group_M,190,K,1,20693,0.0048%,no
capsid,group_M,190,S,1,20693,0.0048%,no
capsid,group_M,190,R,1,20693,0.0048%,no
capsid,group_M,190,T,1,20693,0.0048%,no
capsid,group_M,190,*,1,20693,0.0048%,no
capsid,group_M,190,F,2,20693,0.0097%,no
capsid,group_M,190,Q,1,20693,0.0048%,no
capsid,group_M,191,A,12,20572,0.058%,no
capsid,group_M,191,G,3,20572,0.015%,no
capsid,group_M,191,L,13,20572,0.063%,no
capsid,group_M,191,S,6,20572,0.029%,no
capsid,group_M,191,M,2,20572,0.0097%,no
capsid,group_M,191,F,7,20572,0.034%,no
capsid,group_M,191,C,1,20572,0.0049%,no
capsid,group_M,191,P,1,20572,0.0049%,no
capsid,group_M,192,R,2,20691,0.0097%,no
capsid,group_M,192,L,4,20691,0.019%,no
capsid,group_M,192,S,1,20691,0.0048%,no
capsid,group_M,192,E,1,20691,0.0048%,no
capsid,group_M,192,H,6,20691,0.029%,no
capsid,group_M,192,P,8,20691,0.039%,no
capsid,group_M,192,K,3,20691,0.014%,no
capsid,group_M,192,*,1,20691,0.0048%,no
capsid,group_M,193,S,3,20682,0.015%,no
capsid,group_M,193,K,6,20682,0.029%,no
capsid,group_M,193,H,10,20682,0.048%,no
capsid,group_M,193,Q,2,20682,0.0097%,no
capsid,group_M,193,P,1,20682,0.0048%,no
capsid,group_M,193,D,2,20682,0.0097%,no
capsid,group_M,193,M,2,20682,0.0097%,no
capsid,group_M,193,I,1,20682,0.0048%,no
capsid,group_M,193,T,1,20682,0.0048%,no
capsid,group_M,194,G,4,20623,0.019%,no
capsid,group_M,194,V,5,20623,0.024%,no
capsid,group_M,194,C,4,20623,0.019%,no
capsid,group_M,194,K,1,20623,0.0048%,no
capsid,group_M,194,N,1,20623,0.0048%,no
capsid,group_M,194,P,1,20623,0.0048%,no
capsid,group_M,194,E,3,20623,0.015%,no
capsid,group_M,194,T,5,20623,0.024%,no
capsid,group_M,194,L,1,20623,0.0048%,no
capsid,group_M,195,D,6,20663,0.029%,no
capsid,group_M,195,S,4,20663,0.019%,no
capsid,group_M,195,*,1,20663,0.0048%,no
capsid,group_M,195,I,6,20663,0.029%,no
capsid,group_M,195,K,8,20663,0.039%,no
capsid,group_M,195,T,6,20663,0.029%,no
capsid,group_M,195,E,1,20663,0.0048%,no
capsid,group_M,196,H,1,20668,0.0048%,no
capsid,group_M,196,S,6,20668,0.029%,no
capsid,group_M,196,A,3,20668,0.015%,no
capsid,group_M,196,R,1,20668,0.0048%,no
capsid,group_M,196,Q,2,20668,0.0097%,no
capsid,group_M,196,T,1,20668,0.0048%,no
capsid,group_M,197,G,4,20655,0.019%,no
capsid,group_M,197,S,2,20655,0.0097%,no
capsid,group_M,197,K,1,20655,0.0048%,no
capsid,group_M,197,R,2,20655,0.0097%,no
capsid,group_M,197,A,2,20655,0.0097%,no
capsid,group_M,197,E,2,20655,0.0097%,no
capsid,group_M,197,Y,1,20655,0.0048%,no
capsid,group_M,197,H,1,20655,0.0048%,no
capsid,group_M,197,V,1,20655,0.0048%,no
capsid,group_M,197,P,1,20655,0.0048%,no
capsid,group_M,197,T,1,20655,0.0048%,no
capsid,group_M,198,Y,3,20644,0.015%,no
capsid,group_M,198,I,1,20644,0.0048%,no
capsid,group_M,198,V,2,20644,0.0097%,no
capsid,group_M,198,S,4,20644,0.019%,no
capsid,group_M,198,G,5,20644,0.024%,no
capsid,group_M,198,-,1,20644,0.0048%,no
capsid,group_M,198,N,1,20644,0.0048%,no
capsid,group_M,198,W,3,20644,0.015%,no
capsid,group_M,198,D,1,20644,0.0048%,no
capsid,group_M,198,R,1,20644,0.0048%,no
capsid,group_M,198,L,1,20644,0.0048%,no
capsid,group_M,198,*,1,20644,0.0048%,no
capsid,group_M,199,E,3,20571,0.015%,no
capsid,group_M,199,N,8,20571,0.039%,no
capsid,group_M,199,M,1,20571,0.0049%,no
capsid,group_M,199,T,2,20571,0.0097%,no
capsid,group_M,199,Q,1,20571,0.0049%,no
capsid,group_M,199,W,1,20571,0.0049%,no
capsid,group_M,199,*,3,20571,0.015%,no
capsid,group_M,200,L,12,20545,0.058%,no
capsid,group_M,200,Q,8,20545,0.039%,no
capsid,group_M,200,P,7,20545,0.034%,no
capsid,group_M,200,F,9,20545,0.044%,no
capsid,group_M,200,M,5,20545,0.024%,no
capsid,group_M,200,Y,1,20545,0.0049%,no
capsid,group_M,200,D,1,20545,0.0049%,no
capsid,group_M,200,C,1,20545,0.0049%,no
capsid,group_M,200,R,1,20545,0.0049%,no
capsid,group_M,201,T,8,20550,0.039%,no
capsid,group_M,201,P,3,20550,0.015%,no
capsid,group_M,201,F,14,20550,0.068%,no
capsid,group_M,201,V,7,20550,0.034%,no
capsid,group_M,201,S,2,20550,0.0097%,no
capsid,group_M,201,K,1,20550,0.0049%,no
capsid,group_M,201,N,3,20550,0.015%,no
capsid,group_M,201,H,1,20550,0.0049%,no
capsid,group_M,201,M,6,20550,0.029%,no
capsid,group_M,201,Y,1,20550,0.0049%,no
capsid,group_M,202,F,11,20502,0.054%,no
capsid,group_M,202,Q,3,20502,0.015%,no
capsid,group_M,202,N,1,20502,0.0049%,no
capsid,group_M,202,I,9,20502,0.044%,no
capsid,group_M,202,S,3,20502,0.015%,no
capsid,group_M,202,R,1,20502,0.0049%,no
capsid,group_M,202,K,2,20502,0.0098%,no
capsid,group_M,202,E,1,20502,0.0049%,no
capsid,group_M,202,D,1,20502,0.0049%,no
capsid,group_M,202,P,1,20502,0.0049%,no
capsid,group_M,203,G,3,20424,0.015%,no
capsid,group_M,203,N,3,20424,0.015%,no
capsid,group_M,203,*,1,20424,0.0049%,no
capsid,group_M,203,S,5,20424,0.024%,no
capsid,group_M,203,A,1,20424,0.0049%,no
capsid,group_M,203,-,1,20424,0.0049%,no
capsid,group_M,203,T,6,20424,0.029%,no
capsid,group_M,203,I,2,20424,0.0098%,no
capsid,group_M,203,D,1,20424,0.0049%,no
capsid,group_M,203,Q,1,20424,0.0049%,no
capsid,group_M,204,H,12,20452,0.059%,no
capsid,group_M,204,Q,2,20452,0.0098%,no
capsid,group_M,204,D,3,20452,0.015%,no
capsid,group_M,204,V,1,20452,0.0049%,no
capsid,group_M,204,R,3,20452,0.015%,no
capsid,group_M,204,I,3,20452,0.015%,no
capsid,group_M,204,L,1,20452,0.0049%,no
capsid,group_M,204,M,1,20452,0.0049%,no
capsid,group_M,204,T,5,20452,0.024%,no
capsid,group_M,204,P,4,20452,0.020%,no
capsid,group_M,204,K,1,20452,0.0049%,no
capsid,group_M,205,I,3,20431,0.015%,no
capsid,group_M,205,S,9,20431,0.044%,no
capsid,group_M,205,W,4,20431,0.020%,no
capsid,group_M,205,G,2,20431,0.0098%,no
capsid,group_M,205,Y,2,20431,0.0098%,no
capsid,group_M,205,F,12,20431,0.059%,no
capsid,group_M,205,C,1,20431,0.0049%,no
capsid,group_M,205,P,3,20431,0.015%,no
capsid,group_M,205,*,7,20431,0.034%,no
capsid,group_M,205,K,1,20431,0.0049%,no
capsid,group_M,205,A,1,20431,0.0049%,no
capsid,group_M,205,V,3,20431,0.015%,no
capsid,group_M,205,Q,1,20431,0.0049%,no
capsid,group_M,205,-,1,20431,0.0049%,no
capsid,group_M,205,R,1,20431,0.0049%,no
capsid,group_M,205,D,1,20431,0.0049%,no
capsid,group_M,206,P,1,20379,0.0049%,no
capsid,group_M,206,F,3,20379,0.015%,no
capsid,group_M,206,-,6,20379,0.029%,no
capsid,group_M,206,D,10,20379,0.049%,no
capsid,group_M,206,V,5,20379,0.025%,no
capsid,group_M,206,L,2,20379,0.0098%,no
capsid,group_M,206,T,2,20379,0.0098%,no
capsid,group_M,206,M,1,20379,0.0049%,no
capsid,group_M,206,C,1,20379,0.0049%,no
capsid,group_M,206,A,1,20379,0.0049%,no
capsid,group_M,206,W,2,20379,0.0098%,no
capsid,group_M,207,H,16,20183,0.079%,no
capsid,group_M,207,G,12,20183,0.059%,no
capsid,group_M,207,K,6,20183,0.030%,no
capsid,group_M,207,E,2,20183,0.0099%,no
capsid,group_M,207,D,1,20183,0.0050%,no
capsid,group_M,207,W,1,20183,0.0050%,no
capsid,group_M,207,-,2,20183,0.0099%,no
capsid,group_M,207,N,1,20183,0.0050%,no
capsid,group_M,207,L,2,20183,0.0099%,no
capsid,group_M,208,-,6,20160,0.030%,no
capsid,group_M,208,N,5,20160,0.025%,no
capsid,group_M,208,P,8,20160,0.040%,no
capsid,group_M,208,V,5,20160,0.025%,no
capsid,group_M,208,T,8,20160,0.040%,no
capsid,group_M,208,C,2,20160,0.0099%,no
capsid,group_M,208,H,8,20160,0.040%,no
capsid,group_M,208,W,2,20160,0.0099%,no
capsid,group_M,208,D,1,20160,0.0050%,no
capsid,group_M,209,G,9,20230,0.044%,no
capsid,group_M,209,R,2,20230,0.0099%,no
capsid,group_M,209,L,7,20230,0.035%,no
capsid,group_M,209,F,11,20230,0.054%,no
capsid,group_M,209,T,14,20230,0.069%,no
capsid,group_M,209,K,1,20230,0.0049%,no
capsid,group_M,209,Q,1,20230,0.0049%,no
capsid,group_M,209,C,11,20230,0.054%,no
capsid,group_M,209,D,4,20230,0.020%,no
capsid,group_M,209,Y,1,20230,0.0049%,no
capsid,group_M,209,E,2,20230,0.0099%,no
capsid,group_M,209,N,1,20230,0.0049%,no
capsid,group_M,210,L,4,19966,0.020%,no
capsid,group_M,210,Y,6,19966,0.030%,no
capsid,group_M,210,I,3,19966,0.015%,no
capsid,group_M,210,H,2,19966,0.010%,no
capsid,group_M,210,Q,9,19966,0.045%,no
capsid,group_M,210,A,12,19966,0.060%,no
capsid,group_M,210,K,1,19966,0.0050%,no
capsid,group_M,210,R,3,19966,0.015%,no
capsid,group_M,210,G,3,19966,0.015%,no
capsid,group_M,210,E,2,19966,0.010%,no
capsid,group_M,211,P,7,20047,0.035%,no
capsid,group_M,211,F,5,20047,0.025%,no
capsid,group_M,211,S,3,20047,0.015%,no
capsid,group_M,211,R,2,20047,0.010%,no
capsid,group_M,211,T,2,20047,0.010%,no
capsid,group_M,211,K,1,20047,0.0050%,no
capsid,group_M,211,*,7,20047,0.035%,no
capsid,group_M,212,V,2,20015,0.010%,no
capsid,group_M,212,Q,6,20015,0.030%,no
capsid,group_M,212,A,5,20015,0.025%,no
capsid,group_M,212,G,3,20015,0.015%,no
capsid,group_M,212,M,5,20015,0.025%,no
capsid,group_M,212,H,1,20015,0.0050%,no
capsid,group_M,212,L,1,20015,0.0050%,no
capsid,group_M,212,R,4,20015,0.020%,no
capsid,group_M,212,T,1,20015,0.0050%,no
capsid,group_M,212,D,3,20015,0.015%,no
capsid,group_M,212,*,1,20015,0.0050%,no
capsid,group_M,212,W,1,20015,0.0050%,no
capsid,group_M,212,F,1,20015,0.0050%,no
capsid,group_M,213,A,4,20004,0.020%,no
capsid,group_M,213,G,8,20004,0.040%,no
capsid,group_M,213,P,1,20004,0.0050%,no
capsid,group_M,213,S,1,20004,0.0050%,no
capsid,group_M,213,C,1,20004,0.0050%,no
capsid,group_M,213,M,1,20004,0.0050%,no
capsid,group_M,213,L,1,20004,0.0050%,no
capsid,group_M,213,V,3,20004,0.015%,no
capsid,group_M,213,I,1,20004,0.0050%,no
capsid,group_M,213,W,1,20004,0.0050%,no
capsid,group_M,213,N,2,20004,0.010%,no
capsid,group_M,213,*,1,20004,0.0050%,no
capsid,group_M,213,R,3,20004,0.015%,no
capsid,group_M,214,V,15,19425,0.077%,no
capsid,group_M,214,-,1,19425,0.0051%,no
capsid,group_M,214,T,3,19425,0.015%,no
capsid,group_M,214,K,7,19425,0.036%,no
capsid,group_M,214,E,10,19425,0.051%,no
capsid,group_M,214,G,2,19425,0.010%,no
capsid,group_M,214,R,2,19425,0.010%,no
capsid,group_M,214,*,4,19425,0.021%,no
capsid,group_M,214,W,1,19425,0.0051%,no
capsid,group_M,214,L,4,19425,0.021%,no
capsid,group_M,214,N,4,19425,0.021%,no
capsid,group_M,214,S,1,19425,0.0051%,no
capsid,group_M,214,Q,1,19425,0.0051%,no
capsid,group_M,214,D,1,19425,0.0051%,no
capsid,group_M,215,T,10,19348,0.052%,no
capsid,group_M,215,E,1,19348,0.0052%,no
capsid,group_M,215,V,2,19348,0.010%,no
capsid,group_M,215,F,2,19348,0.010%,no
capsid,group_M,215,*,2,19348,0.010%,no
capsid,group_M,215,P,1,19348,0.0052%,no
capsid,group_M,215,R,3,19348,0.016%,no
capsid,group_M,215,G,2,19348,0.010%,no
capsid,group_M,215,D,2,19348,0.010%,no
capsid,group_M,215,Y,1,19348,0.0052%,no
capsid,group_M,216,V,14,19183,0.073%,no
capsid,group_M,216,P,8,19183,0.042%,no
capsid,group_M,216,I,16,19183,0.083%,no
capsid,group_M,216,R,8,19183,0.042%,no
capsid,group_M,216,H,1,19183,0.0052%,no
capsid,group_M,216,Q,4,19183,0.021%,no
capsid,group_M,216,*,2,19183,0.010%,no
capsid,group_M,216,M,3,19183,0.016%,no
capsid,group_M,216,N,2,19183,0.010%,no
capsid,group_M,216,K,3,19183,0.016%,no
capsid,group_M,216,E,1,19183,0.0052%,no
capsid,group_M,216,Y,1,19183,0.0052%,no
capsid,group_M,216,L,1,19183,0.0052%,no
capsid,group_M,217,T,5,19052,0.026%,no
capsid,group_M,217,H,2,19052,0.010%,no
capsid,group_M,217,P,12,19052,0.063%,no
capsid,group_M,217,V,6,19052,0.031%,no
capsid,group_M,217,*,1,19052,0.0052%,no
capsid,group_M,217,G,5,19052,0.026%,no
capsid,group_M,217,L,1,19052,0.0052%,no
capsid,group_M,217,R,2,19052,0.010%,no
capsid,group_M,217,C,1,19052,0.0052%,no
capsid,group_M,217,Q,1,19052,0.0052%,no
capsid,group_M,217,D,1,19052,0.0052%,no
capsid,group_M,218,R,3,18979,0.016%,no
capsid,group_M,218,V,4,18979,0.021%,no
capsid,group_M,218,Y,3,18979,0.016%,no
capsid,group_M,218,D,1,18979,0.0053%,no
capsid,group_M,218,S,9,18979,0.047%,no
capsid,group_M,218,A,1,18979,0.0053%,no
capsid,group_M,218,P,1,18979,0.0053%,no
capsid,group_M,218,W,3,18979,0.016%,no
capsid,group_M,218,H,4,18979,0.021%,no
capsid,group_M,218,G,2,18979,0.011%,no
capsid,group_M,218,M,7,18979,0.037%,no
capsid,group_M,218,F,3,18979,0.016%,no
capsid,group_M,219,R,9,18882,0.048%,no
capsid,group_M,219,K,5,18882,0.026%,no
capsid,group_M,219,P,6,18882,0.032%,no
capsid,group_M,219,E,2,18882,0.011%,no
capsid,group_M,219,L,2,18882,0.011%,no
capsid,group_M,219,S,9,18882,0.048%,no
capsid,group_M,219,-,1,18882,0.0053%,no
capsid,group_M,219,H,6,18882,0.032%,no
capsid,group_M,219,V,2,18882,0.011%,no
capsid,group_M,219,G,1,18882,0.0053%,no
capsid,group_M,220,T,2,18809,0.011%,no
capsid,group_M,220,N,1,18809,0.0053%,no
capsid,group_M,220,A,3,18809,0.016%,no
capsid,group_M,220,Q,2,18809,0.011%,no
capsid,group_M,220,D,2,18809,0.011%,no
capsid,group_M,221,M,6,18672,0.032%,no
capsid,group_M,221,G,12,18672,0.064%,no
capsid,group_M,221,Y,1,18672,0.0054%,no
capsid,group_M,221,S,3,18672,0.016%,no
capsid,group_M,221,I,5,18672,0.027%,no
capsid,group_M,221,W,2,18672,0.011%,no
capsid,group_M,221,A,4,18672,0.021%,no
capsid,group_M,221,E,5,18672,0.027%,no
capsid,group_M,221,R,1,18672,0.0054%,no
capsid,group_M,221,C,1,18672,0.0054%,no
capsid,group_M,221,K,2,18672,0.011%,no
capsid,group_M,221,*,1,18672,0.0054%,no
capsid,group_M,222,F,1,18589,0.0054%,no
capsid,group_M,222,Y,1,18589,0.0054%,no
capsid,group_M,222,A,2,18589,0.011%,no
capsid,group_M,222,V,1,18589,0.0054%,no
capsid,group_M,222,L,3,18589,0.016%,no
capsid,group_M,222,Q,1,18589,0.0054%,no
capsid,group_M,222,-,1,18589,0.0054%,no
capsid,group_M,222,*,1,18589,0.0054%,no
capsid,group_M,223,D,9,18569,0.048%,no
capsid,group_M,223,V,2,18569,0.011%,no
capsid,group_M,223,S,1,18569,0.0054%,no
capsid,group_M,223,T,1,18569,0.0054%,no
capsid,group_M,223,A,2,18569,0.011%,no
capsid,group_M,224,G,3,18525,0.016%,no
capsid,group_M,224,A,3,18525,0.016%,no
capsid,group_M,224,R,4,18525,0.022%,no
capsid,group_M,224,D,4,18525,0.022%,no
capsid,group_M,224,S,4,18525,0.022%,no
capsid,group_M,224,L,9,18525,0.049%,no
capsid,group_M,224,T,9,18525,0.049%,no
capsid,group_M,224,K,1,18525,0.0054%,no
capsid,group_M,224,Q,2,18525,0.011%,no
capsid,group_M,225,D,4,18327,0.022%,no
capsid,group_M,225,N,6,18327,0.033%,no
capsid,group_M,225,R,9,18327,0.049%,no
capsid,group_M,225,P,5,18327,0.027%,no
capsid,group_M,225,H,5,18327,0.027%,no
capsid,group_M,225,Q,2,18327,0.011%,no
capsid,group_M,225,C,6,18327,0.033%,no
capsid,group_M,225,E,2,18327,0.011%,no
capsid,group_M,225,V,2,18327,0.011%,no
capsid,group_M,225,I,8,18327,0.044%,no
capsid,group_M,225,K,1,18327,0.0055%,no
capsid,group_M,225,Y,1,18327,0.0055%,no
capsid,group_M,226,T,6,18458,0.033%,no
capsid,group_M,226,L,15,18458,0.081%,no
capsid,group_M,226,Q,5,18458,0.027%,no
capsid,group_M,226,Y,4,18458,0.022%,no
capsid,group_M,226,I,11,18458,0.060%,no
capsid,group_M,226,D,2,18458,0.011%,no
capsid,group_M,226,R,3,18458,0.016%,no
capsid,group_M,226,K,3,18458,0.016%,no
capsid,group_M,226,N,2,18458,0.011%,no
capsid,group_M,226,C,1,18458,0.0054%,no
capsid,group_M,227,E,7,18134,0.039%,no
capsid,group_M,227,G,3,18134,0.017%,no
capsid,group_M,227,S,4,18134,0.022%,no
capsid,group_M,227,N,5,18134,0.028%,no
capsid,group_M,227,Q,4,18134,0.022%,no
capsid,group_M,227,L,1,18134,0.0055%,no
capsid,group_M,227,A,2,18134,0.011%,no
capsid,group_M,227,R,1,18134,0.0055%,no
capsid,group_M,227,W,1,18134,0.0055%,no
capsid,group_M,228,V,4,18057,0.022%,no
capsid,group_M,228,T,6,18057,0.033%,no
capsid,group_M,228,Q,17,18057,0.094%,no
capsid,group_M,228,*,1,18057,0.0055%,no
capsid,group_M,228,S,5,18057,0.028%,no
capsid,group_M,228,R,1,18057,0.0055%,no
capsid,group_M,228,K,1,18057,0.0055%,no
capsid,group_M,228,W,1,18057,0.0055%,no
capsid,group_M,228,E,1,18057,0.0055%,no
capsid,group_M,228,P,2,18057,0.011%,no
capsid,group_M,228,F,1,18057,0.0055%,no
capsid,group_M,229,G,5,17994,0.028%,no
capsid,group_M,229,I,12,17994,0.067%,no
capsid,group_M,229,E,13,17994,0.072%,no
capsid,group_M,229,P,2,17994,0.011%,no
capsid,group_M,229,H,1,17994,0.0056%,no
capsid,group_M,229,T,1,17994,0.0056%,no
capsid,group_M,229,N,2,17994,0.011%,no
capsid,group_M,229,F,1,17994,0.0056%,no
capsid,group_M,229,D,3,17994,0.017%,no
capsid,group_M,229,S,4,17994,0.022%,no
capsid,group_M,229,V,2,17994,0.011%,no
capsid,group_M,230,A,4,17926,0.022%,no
capsid,group_M,230,W,2,17926,0.011%,no
capsid,group_M,230,P,2,17926,0.011%,no
capsid,group_M,230,L,13,17926,0.073%,no
capsid,group_M,230,C,1,17926,0.0056%,no
capsid,group_M,230,F,6,17926,0.033%,no
capsid,group_M,230,G,1,17926,0.0056%,no
capsid,group_M,230,M,2,17926,0.011%,no
capsid,group_M,230,-,1,17926,0.0056%,no
capsid,group_M,230,E,1,17926,0.0056%,no
capsid,group_M,230,S,2,17926,0.011%,no
capsid,group_M,230,Y,1,17926,0.0056%,no
capsid,group_M,231,S,3,17928,0.017%,no
capsid,group_M,231,Q,1,17928,0.0056%,no
capsid,group_M,231,K,1,17928,0.0056%,no
capsid,group_M,231,F,10,17928,0.056%,no
capsid,group_M,231,R,1,17928,0.0056%,no
capsid,group_M,231,W,8,17928,0.045%,no
capsid,group_M,231,P,1,17928,0.0056%,no
capsid,group_M,231,A,4,17928,0.022%,no
capsid,group_M,231,G,5,17928,0.028%,no
capsid,group_M,231,M,13,17928,0.073%,no
capsid,group_M,231,V,1,17928,0.0056%,no
capsid,group_M,231,E,1,17928,0.0056%,no
