pos,ref_aa,mut_aa,pcnt
8,G,R,0.11%
10,M,I,0.075%
23,W,*,0.22%
23,W,*,0.023%
23,W,*,0.0047%
28,E,K,0.19%
29,E,K,0.094%
29,E,K,0.10%
35,E,K,0.094%
45,E,K,0.038%
46,G,R,0.099%
46,G,E,0.023%
51,D,N,0.070%
60,G,R,0.038%
60,G,K,0.023%
60,G,K,0.014%
60,G,R,0.052%
60,G,E,0.019%
60,G,E,0.023%
61,G,R,0.023%
61,G,E,0.066%
71,D,N,0.033%
75,E,K,0.061%
76,E,K,0.099%
79,E,K,0.066%
80,W,*,0.28%
80,W,*,0.056%
80,W,*,0.0094%
81,D,N,0.089%
82,R,K,0.075%
89,G,R,0.080%
89,G,E,0.019%
97,R,K,0.11%
98,E,K,0.042%
100,R,K,0.22%
100,R,K,0.084%
101,G,R,0.052%
101,G,K,0.0094%
101,G,E,0.070%
103,D,N,0.019%
106,G,R,0.070%
106,G,E,0.023%
113,E,K,0.028%
116,G,R,0.92%
116,G,K,0.023%
116,G,E,0.084%
117,W,*,0.16%
117,W,*,0.052%
127,G,R,0.056%
127,G,K,0.014%
127,G,E,0.070%
128,E,K,0.066%
133,W,*,0.12%
133,W,*,0.0094%
133,W,*,0.070%
137,G,R,0.061%
137,G,K,0.023%
137,G,E,0.070%
143,R,K,0.41%
152,D,N,0.028%
156,G,R,0.26%
156,G,K,0%
159,E,K,0.066%
162,R,K,0.34%
163,D,N,0.052%
166,D,N,0.084%
167,R,Q,0.061%
173,R,K,0.11%
175,E,K,0.0094%
180,E,K,0.014%
180,E,K,0.023%
184,W,*,0.22%
184,W,*,0.023%
184,W,*,0.047%
185,M,I,0.056%
187,E,K,0.019%
197,D,N,0.033%
206,G,R,0.15%
206,G,E,0.056%
208,G,R,0.047%
208,G,K,0.019%
208,G,R,0.0047%
208,G,E,0.11%
208,G,E,0.023%
212,E,K,0.15%
213,E,K,0.17%
214,M,I,0.10%
215,M,I,0.056%
220,G,R,0.056%
220,G,K,0.014%
220,G,E,0.061%
222,G,R,0.084%
222,G,K,0.019%
222,G,E,0.089%
223,G,R,0.094%
223,G,K,0.014%
223,G,E,0.066%
229,R,K,0.48%
